2026-07-03 13:12:20 UTC,BTC/USD,5m,55.94,neutral
2026-07-03 13:12:21 UTC,BTC/USD,1h,64.26,neutral
2026-07-03 13:12:21 UTC,ETH/USD,5m,50.53,neutral
2026-07-03 13:12:21 UTC,ETH/USD,1h,71.25,overbought
2026-07-03 13:12:21 UTC,XAU/USD,5m,30.33,neutral
2026-07-03 13:12:22 UTC,XAU/USD,1h,60.39,neutral
2026-07-03 13:12:22 UTC,EUR/USD,5m,35.56,neutral
2026-07-03 13:12:22 UTC,EUR/USD,1h,54.54,neutral
2026-07-03 13:12:22 UTC,GBP/USD,5m,36.39,neutral
2026-07-03 13:12:22 UTC,GBP/USD,1h,51.03,neutral
2026-07-03 13:12:22 UTC,USD/JPY,5m,75.02,overbought
2026-07-03 13:12:22 UTC,USD/JPY,1h,49.64,neutral
2026-07-03 13:13:20 UTC,BTC/USD,5m,58.12,neutral
2026-07-03 13:13:20 UTC,BTC/USD,1h,64.88,neutral
2026-07-03 13:13:20 UTC,ETH/USD,5m,50.12,neutral
2026-07-03 13:13:20 UTC,ETH/USD,1h,71.43,overbought
2026-07-03 13:13:21 UTC,XAU/USD,5m,30.01,neutral
2026-07-03 13:13:21 UTC,XAU/USD,1h,60.24,neutral
2026-07-03 13:13:21 UTC,EUR/USD,5m,37.48,neutral
2026-07-03 13:13:21 UTC,EUR/USD,1h,55.4,neutral
2026-07-03 13:13:21 UTC,GBP/USD,5m,38.3,neutral
2026-07-03 13:13:21 UTC,GBP/USD,1h,51.6,neutral
2026-07-03 13:13:21 UTC,USD/JPY,5m,76.38,overbought
2026-07-03 13:13:21 UTC,USD/JPY,1h,50.1,neutral
2026-07-03 13:14:21 UTC,BTC/USD,5m,58.3,neutral
2026-07-03 13:14:21 UTC,BTC/USD,1h,64.93,neutral
2026-07-03 13:14:21 UTC,ETH/USD,5m,51.42,neutral
2026-07-03 13:14:21 UTC,ETH/USD,1h,71.64,overbought
2026-07-03 13:14:21 UTC,XAU/USD,5m,31.59,neutral
2026-07-03 13:14:22 UTC,XAU/USD,1h,60.67,neutral
2026-07-03 13:14:22 UTC,EUR/USD,5m,38.73,neutral
2026-07-03 13:14:22 UTC,EUR/USD,1h,55.88,neutral
2026-07-03 13:14:22 UTC,GBP/USD,5m,42.09,neutral
2026-07-03 13:14:22 UTC,GBP/USD,1h,52.74,neutral
2026-07-03 13:14:22 UTC,USD/JPY,5m,75.02,overbought
2026-07-03 13:14:22 UTC,USD/JPY,1h,49.64,neutral
2026-07-03 13:15:26 UTC,BTC/USD,5m,58.87,neutral
2026-07-03 13:15:26 UTC,BTC/USD,1h,65.07,neutral
2026-07-03 13:15:26 UTC,ETH/USD,5m,52.52,neutral
2026-07-03 13:15:26 UTC,ETH/USD,1h,71.82,overbought
2026-07-03 13:15:27 UTC,XAU/USD,5m,30.33,neutral
2026-07-03 13:15:27 UTC,XAU/USD,1h,60.39,neutral
2026-07-03 13:15:27 UTC,EUR/USD,5m,39.94,neutral
2026-07-03 13:15:28 UTC,EUR/USD,1h,56.21,neutral
2026-07-03 13:15:28 UTC,GBP/USD,5m,40.12,neutral
2026-07-03 13:15:28 UTC,GBP/USD,1h,52.07,neutral
2026-07-03 13:15:28 UTC,USD/JPY,5m,75.88,overbought
2026-07-03 13:15:28 UTC,USD/JPY,1h,49.92,neutral
2026-07-03 13:16:19 UTC,BTC/USD,5m,59.12,neutral
2026-07-03 13:16:19 UTC,BTC/USD,1h,65.12,neutral
2026-07-03 13:16:19 UTC,ETH/USD,5m,52.56,neutral
2026-07-03 13:16:19 UTC,ETH/USD,1h,71.82,overbought
2026-07-03 13:16:20 UTC,XAU/USD,5m,34.91,neutral
2026-07-03 13:16:20 UTC,XAU/USD,1h,61.33,neutral
2026-07-03 13:16:20 UTC,EUR/USD,5m,37.18,neutral
2026-07-03 13:16:21 UTC,EUR/USD,1h,55.08,neutral
2026-07-03 13:16:21 UTC,GBP/USD,5m,37.85,neutral
2026-07-03 13:16:21 UTC,GBP/USD,1h,51.08,neutral
2026-07-03 13:16:21 UTC,USD/JPY,5m,75.08,overbought
2026-07-03 13:16:21 UTC,USD/JPY,1h,49.82,neutral
2026-07-03 13:17:19 UTC,BTC/USD,5m,60.7,neutral
2026-07-03 13:17:19 UTC,BTC/USD,1h,65.51,neutral
2026-07-03 13:17:19 UTC,ETH/USD,5m,55.72,neutral
2026-07-03 13:17:19 UTC,ETH/USD,1h,72.34,overbought
2026-07-03 13:17:20 UTC,XAU/USD,5m,39.67,neutral
2026-07-03 13:17:20 UTC,XAU/USD,1h,62.47,neutral
2026-07-03 13:17:20 UTC,EUR/USD,5m,37.18,neutral
2026-07-03 13:17:20 UTC,EUR/USD,1h,55.08,neutral
2026-07-03 13:17:20 UTC,GBP/USD,5m,38.62,neutral
2026-07-03 13:17:20 UTC,GBP/USD,1h,51.43,neutral
2026-07-03 13:17:20 UTC,USD/JPY,5m,71.8,overbought
2026-07-03 13:17:20 UTC,USD/JPY,1h,49.46,neutral
2026-07-03 13:18:20 UTC,BTC/USD,5m,61.12,neutral
2026-07-03 13:18:20 UTC,BTC/USD,1h,65.61,neutral
2026-07-03 13:18:20 UTC,ETH/USD,5m,56.1,neutral
2026-07-03 13:18:20 UTC,ETH/USD,1h,72.4,overbought
2026-07-03 13:18:21 UTC,XAU/USD,5m,32.39,neutral
2026-07-03 13:18:21 UTC,XAU/USD,1h,60.8,neutral
2026-07-03 13:18:22 UTC,EUR/USD,5m,35.77,neutral
2026-07-03 13:18:22 UTC,EUR/USD,1h,54.46,neutral
2026-07-03 13:18:22 UTC,GBP/USD,5m,38.62,neutral
2026-07-03 13:18:22 UTC,GBP/USD,1h,51.43,neutral
2026-07-03 13:18:22 UTC,USD/JPY,5m,75.99,overbought
2026-07-03 13:18:22 UTC,USD/JPY,1h,49.96,neutral
2026-07-03 13:19:18 UTC,BTC/USD,5m,57.51,neutral
2026-07-03 13:19:18 UTC,BTC/USD,1h,64.84,neutral
2026-07-03 13:19:18 UTC,ETH/USD,5m,56.1,neutral
2026-07-03 13:19:19 UTC,ETH/USD,1h,72.38,overbought
2026-07-03 13:19:20 UTC,XAU/USD,5m,33.16,neutral
2026-07-03 13:19:20 UTC,XAU/USD,1h,60.96,neutral
2026-07-03 13:19:20 UTC,EUR/USD,5m,35.11,neutral
2026-07-03 13:19:20 UTC,EUR/USD,1h,54.16,neutral
2026-07-03 13:19:20 UTC,GBP/USD,5m,38.62,neutral
2026-07-03 13:19:20 UTC,GBP/USD,1h,51.43,neutral
2026-07-03 13:19:21 UTC,USD/JPY,5m,75.77,overbought
2026-07-03 13:19:21 UTC,USD/JPY,1h,49.89,neutral
2026-07-03 13:20:39 UTC,BTC/USD,5m,54.64,neutral
2026-07-03 13:20:40 UTC,BTC/USD,1h,64.32,neutral
2026-07-03 13:20:40 UTC,ETH/USD,5m,54.32,neutral
2026-07-03 13:20:40 UTC,ETH/USD,1h,72.1,overbought
2026-07-03 13:20:41 UTC,XAU/USD,5m,40.49,neutral
2026-07-03 13:20:41 UTC,XAU/USD,1h,62.64,neutral
2026-07-03 13:20:41 UTC,EUR/USD,5m,35.77,neutral
2026-07-03 13:20:41 UTC,EUR/USD,1h,54.46,neutral
2026-07-03 13:20:41 UTC,GBP/USD,5m,38.62,neutral
2026-07-03 13:20:41 UTC,GBP/USD,1h,51.43,neutral
2026-07-03 13:20:42 UTC,USD/JPY,5m,72.41,overbought
2026-07-03 13:20:42 UTC,USD/JPY,1h,49.53,neutral
2026-07-03 13:21:16 UTC,BTC/USD,5m,57.41,neutral
2026-07-03 13:21:16 UTC,BTC/USD,1h,64.95,neutral
2026-07-03 13:21:17 UTC,ETH/USD,5m,57.9,neutral
2026-07-03 13:21:17 UTC,ETH/USD,1h,72.68,overbought
2026-07-03 13:21:18 UTC,XAU/USD,5m,39.97,neutral
2026-07-03 13:21:18 UTC,XAU/USD,1h,62.51,neutral
2026-07-03 13:21:18 UTC,EUR/USD,5m,38.59,neutral
2026-07-03 13:21:18 UTC,EUR/USD,1h,55.16,neutral
2026-07-03 13:21:18 UTC,GBP/USD,5m,43.0,neutral
2026-07-03 13:21:18 UTC,GBP/USD,1h,52.68,neutral
2026-07-03 13:21:18 UTC,USD/JPY,5m,67.9,neutral
2026-07-03 13:21:18 UTC,USD/JPY,1h,49.03,neutral
2026-07-03 13:23:16 UTC,BTC/USD,5m,58.69,neutral
2026-07-03 13:23:17 UTC,BTC/USD,1h,65.26,neutral
2026-07-03 13:23:17 UTC,ETH/USD,5m,59.26,neutral
2026-07-03 13:23:17 UTC,ETH/USD,1h,72.92,overbought
2026-07-03 13:23:17 UTC,XAU/USD,5m,35.19,neutral
2026-07-03 13:23:17 UTC,XAU/USD,1h,60.99,neutral
2026-07-03 13:23:18 UTC,EUR/USD,5m,38.89,neutral
2026-07-03 13:23:18 UTC,EUR/USD,1h,55.24,neutral
2026-07-03 13:23:18 UTC,GBP/USD,5m,45.06,neutral
2026-07-03 13:23:18 UTC,GBP/USD,1h,53.35,neutral
2026-07-03 13:23:18 UTC,USD/JPY,5m,70.4,overbought
2026-07-03 13:23:18 UTC,USD/JPY,1h,49.32,neutral
2026-07-03 13:24:21 UTC,BTC/USD,5m,56.19,neutral
2026-07-03 13:24:21 UTC,BTC/USD,1h,64.66,neutral
2026-07-03 13:24:21 UTC,ETH/USD,5m,57.61,neutral
2026-07-03 13:24:21 UTC,ETH/USD,1h,72.63,overbought
2026-07-03 13:24:22 UTC,XAU/USD,5m,35.42,neutral
2026-07-03 13:24:22 UTC,XAU/USD,1h,61.08,neutral
2026-07-03 13:24:22 UTC,EUR/USD,5m,38.59,neutral
2026-07-03 13:24:22 UTC,EUR/USD,1h,55.16,neutral
2026-07-03 13:24:22 UTC,GBP/USD,5m,46.12,neutral
2026-07-03 13:24:22 UTC,GBP/USD,1h,53.73,neutral
2026-07-03 13:24:22 UTC,USD/JPY,5m,71.73,overbought
2026-07-03 13:24:23 UTC,USD/JPY,1h,49.46,neutral
2026-07-03 13:25:24 UTC,BTC/USD,5m,56.11,neutral
2026-07-03 13:25:24 UTC,BTC/USD,1h,64.65,neutral
2026-07-03 13:25:24 UTC,ETH/USD,5m,58.27,neutral
2026-07-03 13:25:24 UTC,ETH/USD,1h,72.75,overbought
2026-07-03 13:25:25 UTC,XAU/USD,5m,38.6,neutral
2026-07-03 13:25:25 UTC,XAU/USD,1h,62.17,neutral
2026-07-03 13:25:25 UTC,EUR/USD,5m,39.48,neutral
2026-07-03 13:25:25 UTC,EUR/USD,1h,55.4,neutral
2026-07-03 13:25:25 UTC,GBP/USD,5m,46.98,neutral
2026-07-03 13:25:25 UTC,GBP/USD,1h,54.05,neutral
2026-07-03 13:25:25 UTC,USD/JPY,5m,69.76,neutral
2026-07-03 13:25:25 UTC,USD/JPY,1h,49.24,neutral
2026-07-03 13:26:19 UTC,BTC/USD,5m,52.78,neutral
2026-07-03 13:26:19 UTC,BTC/USD,1h,64.04,neutral
2026-07-03 13:26:19 UTC,ETH/USD,5m,55.89,neutral
2026-07-03 13:26:19 UTC,ETH/USD,1h,72.46,overbought
2026-07-03 13:26:19 UTC,XAU/USD,5m,38.67,neutral
2026-07-03 13:26:19 UTC,XAU/USD,1h,62.18,neutral
2026-07-03 13:26:20 UTC,EUR/USD,5m,41.3,neutral
2026-07-03 13:26:20 UTC,EUR/USD,1h,55.88,neutral
2026-07-03 13:26:20 UTC,GBP/USD,5m,46.98,neutral
2026-07-03 13:26:20 UTC,GBP/USD,1h,54.05,neutral
2026-07-03 13:26:20 UTC,USD/JPY,5m,63.5,neutral
2026-07-03 13:26:20 UTC,USD/JPY,1h,48.51,neutral
2026-07-03 13:27:19 UTC,BTC/USD,5m,56.2,neutral
2026-07-03 13:27:19 UTC,BTC/USD,1h,64.66,neutral
2026-07-03 13:27:19 UTC,ETH/USD,5m,59.31,neutral
2026-07-03 13:27:19 UTC,ETH/USD,1h,72.92,overbought
2026-07-03 13:27:20 UTC,XAU/USD,5m,41.51,neutral
2026-07-03 13:27:20 UTC,XAU/USD,1h,62.84,neutral
2026-07-03 13:27:20 UTC,EUR/USD,5m,39.28,neutral
2026-07-03 13:27:20 UTC,EUR/USD,1h,55.32,neutral
2026-07-03 13:27:20 UTC,GBP/USD,5m,46.51,neutral
2026-07-03 13:27:20 UTC,GBP/USD,1h,53.86,neutral
2026-07-03 13:27:21 UTC,USD/JPY,5m,63.5,neutral
2026-07-03 13:27:21 UTC,USD/JPY,1h,48.51,neutral
2026-07-03 13:28:18 UTC,BTC/USD,5m,59.75,neutral
2026-07-03 13:28:18 UTC,BTC/USD,1h,64.77,neutral
2026-07-03 13:28:18 UTC,ETH/USD,5m,60.7,neutral
2026-07-03 13:28:18 UTC,ETH/USD,1h,73.16,overbought
2026-07-03 13:28:19 UTC,XAU/USD,5m,43.67,neutral
2026-07-03 13:28:19 UTC,XAU/USD,1h,63.4,neutral
2026-07-03 13:28:19 UTC,EUR/USD,5m,41.3,neutral
2026-07-03 13:28:19 UTC,EUR/USD,1h,55.88,neutral
2026-07-03 13:28:19 UTC,GBP/USD,5m,46.82,neutral
2026-07-03 13:28:19 UTC,GBP/USD,1h,53.98,neutral
2026-07-03 13:28:19 UTC,USD/JPY,5m,58.28,neutral
2026-07-03 13:28:19 UTC,USD/JPY,1h,47.75,neutral
2026-07-03 13:29:18 UTC,BTC/USD,5m,61.8,neutral
2026-07-03 13:29:18 UTC,BTC/USD,1h,65.98,neutral
2026-07-03 13:29:18 UTC,ETH/USD,5m,66.24,neutral
2026-07-03 13:29:18 UTC,ETH/USD,1h,74.25,overbought
2026-07-03 13:29:18 UTC,XAU/USD,5m,42.44,neutral
2026-07-03 13:29:18 UTC,XAU/USD,1h,63.07,neutral
2026-07-03 13:29:19 UTC,EUR/USD,5m,39.48,neutral
2026-07-03 13:29:19 UTC,EUR/USD,1h,55.4,neutral
2026-07-03 13:29:19 UTC,GBP/USD,5m,45.0,neutral
2026-07-03 13:29:19 UTC,GBP/USD,1h,53.23,neutral
2026-07-03 13:29:19 UTC,USD/JPY,5m,62.39,neutral
2026-07-03 13:29:19 UTC,USD/JPY,1h,48.36,neutral
2026-07-03 13:30:50 UTC,BTC/USD,5m,59.41,neutral
2026-07-03 13:30:50 UTC,BTC/USD,1h,65.51,neutral
2026-07-03 13:30:50 UTC,ETH/USD,5m,63.66,neutral
2026-07-03 13:30:50 UTC,ETH/USD,1h,73.75,overbought
2026-07-03 13:30:51 UTC,XAU/USD,5m,39.07,neutral
2026-07-03 13:30:51 UTC,XAU/USD,1h,61.89,neutral
2026-07-03 13:30:51 UTC,EUR/USD,5m,38.6,neutral
2026-07-03 13:30:51 UTC,EUR/USD,1h,54.93,neutral
2026-07-03 13:30:51 UTC,GBP/USD,5m,43.84,neutral
2026-07-03 13:30:51 UTC,GBP/USD,1h,52.8,neutral
2026-07-03 13:30:51 UTC,USD/JPY,5m,66.51,neutral
2026-07-03 13:30:52 UTC,USD/JPY,1h,49.32,neutral
2026-07-03 13:31:20 UTC,BTC/USD,5m,56.73,neutral
2026-07-03 13:31:20 UTC,BTC/USD,1h,65.51,neutral
2026-07-03 13:31:20 UTC,ETH/USD,5m,63.66,neutral
2026-07-03 13:31:20 UTC,ETH/USD,1h,73.75,overbought
2026-07-03 13:31:21 UTC,XAU/USD,5m,36.35,neutral
2026-07-03 13:31:21 UTC,XAU/USD,1h,60.83,neutral
2026-07-03 13:31:21 UTC,EUR/USD,5m,39.0,neutral
2026-07-03 13:31:21 UTC,EUR/USD,1h,55.08,neutral
2026-07-03 13:31:22 UTC,GBP/USD,5m,44.6,neutral
2026-07-03 13:31:22 UTC,GBP/USD,1h,53.1,neutral
2026-07-03 13:31:22 UTC,USD/JPY,5m,68.13,neutral
2026-07-03 13:31:22 UTC,USD/JPY,1h,49.75,neutral
2026-07-03 13:32:20 UTC,BTC/USD,5m,56.73,neutral
2026-07-03 13:32:20 UTC,BTC/USD,1h,65.05,neutral
2026-07-03 13:32:21 UTC,ETH/USD,5m,62.49,neutral
2026-07-03 13:32:21 UTC,ETH/USD,1h,73.62,overbought
2026-07-03 13:32:21 UTC,XAU/USD,5m,37.0,neutral
2026-07-03 13:32:21 UTC,XAU/USD,1h,61.09,neutral
2026-07-03 13:32:22 UTC,EUR/USD,5m,38.8,neutral
2026-07-03 13:32:22 UTC,EUR/USD,1h,55.01,neutral
2026-07-03 13:32:22 UTC,GBP/USD,5m,44.6,neutral
2026-07-03 13:32:22 UTC,GBP/USD,1h,53.1,neutral
2026-07-03 13:32:22 UTC,USD/JPY,5m,67.21,neutral
2026-07-03 13:32:22 UTC,USD/JPY,1h,49.5,neutral
2026-07-03 13:33:16 UTC,BTC/USD,5m,58.98,neutral
2026-07-03 13:33:16 UTC,BTC/USD,1h,65.44,neutral
2026-07-03 13:33:16 UTC,ETH/USD,5m,61.23,neutral
2026-07-03 13:33:16 UTC,ETH/USD,1h,73.98,overbought
2026-07-03 13:33:17 UTC,XAU/USD,5m,36.64,neutral
2026-07-03 13:33:17 UTC,XAU/USD,1h,60.95,neutral
2026-07-03 13:33:17 UTC,EUR/USD,5m,36.88,neutral
2026-07-03 13:33:18 UTC,EUR/USD,1h,54.23,neutral
2026-07-03 13:33:18 UTC,GBP/USD,5m,43.69,neutral
2026-07-03 13:33:18 UTC,GBP/USD,1h,52.74,neutral
2026-07-03 13:33:18 UTC,USD/JPY,5m,67.87,neutral
2026-07-03 13:33:18 UTC,USD/JPY,1h,49.67,neutral
2026-07-03 13:34:21 UTC,BTC/USD,5m,58.14,neutral
2026-07-03 13:34:21 UTC,BTC/USD,1h,65.3,neutral
2026-07-03 13:34:21 UTC,ETH/USD,5m,65.34,neutral
2026-07-03 13:34:21 UTC,ETH/USD,1h,74.04,overbought
2026-07-03 13:34:22 UTC,XAU/USD,5m,34.72,neutral
2026-07-03 13:34:22 UTC,XAU/USD,1h,60.14,neutral
2026-07-03 13:34:22 UTC,EUR/USD,5m,36.52,neutral
2026-07-03 13:34:22 UTC,EUR/USD,1h,54.08,neutral
2026-07-03 13:34:22 UTC,GBP/USD,5m,43.69,neutral
2026-07-03 13:34:23 UTC,GBP/USD,1h,52.74,neutral
2026-07-03 13:34:23 UTC,USD/JPY,5m,68.26,neutral
2026-07-03 13:34:23 UTC,USD/JPY,1h,49.78,neutral
2026-07-03 13:35:22 UTC,BTC/USD,5m,57.03,neutral
2026-07-03 13:35:22 UTC,BTC/USD,1h,65.11,neutral
2026-07-03 13:35:22 UTC,ETH/USD,5m,65.23,neutral
2026-07-03 13:35:22 UTC,ETH/USD,1h,74.01,overbought
2026-07-03 13:35:23 UTC,XAU/USD,5m,35.91,neutral
2026-07-03 13:35:23 UTC,XAU/USD,1h,60.65,neutral
2026-07-03 13:35:23 UTC,EUR/USD,5m,37.96,neutral
2026-07-03 13:35:23 UTC,EUR/USD,1h,54.62,neutral
2026-07-03 13:35:23 UTC,GBP/USD,5m,43.97,neutral
2026-07-03 13:35:23 UTC,GBP/USD,1h,52.86,neutral
2026-07-03 13:35:23 UTC,USD/JPY,5m,66.91,neutral
2026-07-03 13:35:24 UTC,USD/JPY,1h,49.46,neutral
2026-07-03 13:36:20 UTC,BTC/USD,5m,56.13,neutral
2026-07-03 13:36:20 UTC,BTC/USD,1h,64.95,neutral
2026-07-03 13:36:20 UTC,ETH/USD,5m,65.18,neutral
2026-07-03 13:36:20 UTC,ETH/USD,1h,74.07,overbought
2026-07-03 13:36:21 UTC,XAU/USD,5m,34.91,neutral
2026-07-03 13:36:21 UTC,XAU/USD,1h,60.25,neutral
2026-07-03 13:36:21 UTC,EUR/USD,5m,38.63,neutral
2026-07-03 13:36:21 UTC,EUR/USD,1h,54.77,neutral
2026-07-03 13:36:21 UTC,GBP/USD,5m,44.7,neutral
2026-07-03 13:36:21 UTC,GBP/USD,1h,53.1,neutral
2026-07-03 13:36:21 UTC,USD/JPY,5m,65.46,neutral
2026-07-03 13:36:22 UTC,USD/JPY,1h,49.28,neutral
2026-07-03 13:37:17 UTC,BTC/USD,5m,56.13,neutral
2026-07-03 13:37:17 UTC,BTC/USD,1h,64.95,neutral
2026-07-03 13:37:17 UTC,ETH/USD,5m,65.76,neutral
2026-07-03 13:37:17 UTC,ETH/USD,1h,74.11,overbought
2026-07-03 13:37:18 UTC,XAU/USD,5m,34.53,neutral
2026-07-03 13:37:18 UTC,XAU/USD,1h,60.09,neutral
2026-07-03 13:37:18 UTC,EUR/USD,5m,36.63,neutral
2026-07-03 13:37:18 UTC,EUR/USD,1h,54.16,neutral
2026-07-03 13:37:18 UTC,GBP/USD,5m,43.33,neutral
2026-07-03 13:37:18 UTC,GBP/USD,1h,52.61,neutral
2026-07-03 13:37:19 UTC,USD/JPY,5m,64.34,neutral
2026-07-03 13:37:19 UTC,USD/JPY,1h,49.13,neutral
2026-07-03 13:38:18 UTC,BTC/USD,5m,54.52,neutral
2026-07-03 13:38:18 UTC,BTC/USD,1h,64.66,neutral
2026-07-03 13:38:19 UTC,ETH/USD,5m,62.63,neutral
2026-07-03 13:38:19 UTC,ETH/USD,1h,73.67,overbought
2026-07-03 13:38:19 UTC,XAU/USD,5m,37.22,neutral
2026-07-03 13:38:19 UTC,XAU/USD,1h,60.94,neutral
2026-07-03 13:38:20 UTC,EUR/USD,5m,35.87,neutral
2026-07-03 13:38:20 UTC,EUR/USD,1h,53.86,neutral
2026-07-03 13:38:20 UTC,GBP/USD,5m,43.02,neutral
2026-07-03 13:38:20 UTC,GBP/USD,1h,52.49,neutral
2026-07-03 13:38:20 UTC,USD/JPY,5m,66.32,neutral
2026-07-03 13:38:20 UTC,USD/JPY,1h,49.39,neutral
2026-07-03 13:39:16 UTC,BTC/USD,5m,55.09,neutral
2026-07-03 13:39:17 UTC,BTC/USD,1h,64.47,neutral
2026-07-03 13:39:17 UTC,ETH/USD,5m,62.18,neutral
2026-07-03 13:39:17 UTC,ETH/USD,1h,73.67,overbought
2026-07-03 13:39:18 UTC,XAU/USD,5m,36.31,neutral
2026-07-03 13:39:18 UTC,XAU/USD,1h,60.73,neutral
2026-07-03 13:39:18 UTC,EUR/USD,5m,34.44,neutral
2026-07-03 13:39:18 UTC,EUR/USD,1h,53.26,neutral
2026-07-03 13:39:18 UTC,GBP/USD,5m,41.82,neutral
2026-07-03 13:39:19 UTC,GBP/USD,1h,52.02,neutral
2026-07-03 13:39:19 UTC,USD/JPY,5m,66.91,neutral
2026-07-03 13:39:19 UTC,USD/JPY,1h,49.46,neutral
2026-07-03 13:40:42 UTC,BTC/USD,5m,54.52,neutral
2026-07-03 13:40:42 UTC,BTC/USD,1h,64.66,neutral
2026-07-03 13:40:42 UTC,ETH/USD,5m,63.17,neutral
2026-07-03 13:40:42 UTC,ETH/USD,1h,73.77,overbought
2026-07-03 13:40:43 UTC,XAU/USD,5m,35.45,neutral
2026-07-03 13:40:43 UTC,XAU/USD,1h,60.24,neutral
2026-07-03 13:40:43 UTC,EUR/USD,5m,34.43,neutral
2026-07-03 13:40:43 UTC,EUR/USD,1h,53.26,neutral
2026-07-03 13:40:43 UTC,GBP/USD,5m,41.19,neutral
2026-07-03 13:40:43 UTC,GBP/USD,1h,51.6,neutral
2026-07-03 13:40:43 UTC,USD/JPY,5m,67.64,neutral
2026-07-03 13:40:43 UTC,USD/JPY,1h,49.53,neutral
2026-07-03 13:41:17 UTC,BTC/USD,5m,55.55,neutral
2026-07-03 13:41:17 UTC,BTC/USD,1h,64.66,neutral
2026-07-03 13:41:17 UTC,ETH/USD,5m,63.46,neutral
2026-07-03 13:41:17 UTC,ETH/USD,1h,73.82,overbought
2026-07-03 13:41:17 UTC,XAU/USD,5m,36.05,neutral
2026-07-03 13:41:18 UTC,XAU/USD,1h,60.47,neutral
2026-07-03 13:41:18 UTC,EUR/USD,5m,35.65,neutral
2026-07-03 13:41:18 UTC,EUR/USD,1h,53.56,neutral
2026-07-03 13:41:18 UTC,GBP/USD,5m,41.4,neutral
2026-07-03 13:41:18 UTC,GBP/USD,1h,51.66,neutral
2026-07-03 13:41:18 UTC,USD/JPY,5m,67.64,neutral
2026-07-03 13:41:18 UTC,USD/JPY,1h,49.6,neutral
2026-07-03 13:42:19 UTC,BTC/USD,5m,62.07,neutral
2026-07-03 13:42:20 UTC,BTC/USD,1h,66.42,neutral
2026-07-03 13:42:20 UTC,ETH/USD,5m,71.19,overbought
2026-07-03 13:42:20 UTC,ETH/USD,1h,75.36,overbought
2026-07-03 13:42:21 UTC,XAU/USD,5m,35.74,neutral
2026-07-03 13:42:21 UTC,XAU/USD,1h,60.35,neutral
2026-07-03 13:42:21 UTC,EUR/USD,5m,35.65,neutral
2026-07-03 13:42:21 UTC,EUR/USD,1h,53.56,neutral
2026-07-03 13:42:21 UTC,GBP/USD,5m,41.81,neutral
2026-07-03 13:42:21 UTC,GBP/USD,1h,51.78,neutral
2026-07-03 13:42:21 UTC,USD/JPY,5m,68.53,neutral
2026-07-03 13:42:22 UTC,USD/JPY,1h,49.82,neutral
2026-07-03 13:43:16 UTC,BTC/USD,5m,61.89,neutral
2026-07-03 13:43:16 UTC,BTC/USD,1h,66.37,neutral
2026-07-03 13:43:16 UTC,ETH/USD,5m,68.23,neutral
2026-07-03 13:43:16 UTC,ETH/USD,1h,74.71,overbought
2026-07-03 13:43:17 UTC,XAU/USD,5m,37.2,neutral
2026-07-03 13:43:17 UTC,XAU/USD,1h,60.9,neutral
2026-07-03 13:43:17 UTC,EUR/USD,5m,37.64,neutral
2026-07-03 13:43:17 UTC,EUR/USD,1h,54.01,neutral
2026-07-03 13:43:18 UTC,GBP/USD,5m,44.17,neutral
2026-07-03 13:43:18 UTC,GBP/USD,1h,52.49,neutral
2026-07-03 13:43:18 UTC,USD/JPY,5m,68.24,neutral
2026-07-03 13:43:18 UTC,USD/JPY,1h,49.75,neutral
2026-07-03 13:44:20 UTC,BTC/USD,5m,63.68,neutral
2026-07-03 13:44:20 UTC,BTC/USD,1h,66.86,neutral
2026-07-03 13:44:20 UTC,ETH/USD,5m,68.91,neutral
2026-07-03 13:44:21 UTC,ETH/USD,1h,74.85,overbought
2026-07-03 13:44:21 UTC,XAU/USD,5m,36.35,neutral
2026-07-03 13:44:21 UTC,XAU/USD,1h,60.58,neutral
2026-07-03 13:44:22 UTC,EUR/USD,5m,38.27,neutral
2026-07-03 13:44:22 UTC,EUR/USD,1h,54.16,neutral
2026-07-03 13:44:22 UTC,GBP/USD,5m,43.79,neutral
2026-07-03 13:44:22 UTC,GBP/USD,1h,52.37,neutral
2026-07-03 13:44:22 UTC,USD/JPY,5m,68.53,neutral
2026-07-03 13:44:22 UTC,USD/JPY,1h,49.82,neutral
2026-07-03 13:45:28 UTC,BTC/USD,5m,62.61,neutral
2026-07-03 13:45:28 UTC,BTC/USD,1h,66.57,neutral
2026-07-03 13:45:28 UTC,ETH/USD,5m,69.05,neutral
2026-07-03 13:45:28 UTC,ETH/USD,1h,74.88,overbought
2026-07-03 13:45:28 UTC,XAU/USD,5m,36.32,neutral
2026-07-03 13:45:28 UTC,XAU/USD,1h,60.57,neutral
2026-07-03 13:45:28 UTC,EUR/USD,5m,37.75,neutral
2026-07-03 13:45:29 UTC,EUR/USD,1h,54.01,neutral
2026-07-03 13:45:29 UTC,GBP/USD,5m,46.35,neutral
2026-07-03 13:45:29 UTC,GBP/USD,1h,53.23,neutral
2026-07-03 13:45:29 UTC,USD/JPY,5m,68.39,neutral
2026-07-03 13:45:29 UTC,USD/JPY,1h,49.78,neutral
2026-07-03 13:46:20 UTC,BTC/USD,5m,61.4,neutral
2026-07-03 13:46:20 UTC,BTC/USD,1h,66.38,neutral
2026-07-03 13:46:20 UTC,ETH/USD,5m,67.73,neutral
2026-07-03 13:46:20 UTC,ETH/USD,1h,74.81,overbought
2026-07-03 13:46:21 UTC,XAU/USD,5m,35.92,neutral
2026-07-03 13:46:21 UTC,XAU/USD,1h,60.43,neutral
2026-07-03 13:46:21 UTC,EUR/USD,5m,37.14,neutral
2026-07-03 13:46:21 UTC,EUR/USD,1h,53.78,neutral
2026-07-03 13:46:21 UTC,GBP/USD,5m,45.84,neutral
2026-07-03 13:46:21 UTC,GBP/USD,1h,53.04,neutral
2026-07-03 13:46:21 UTC,USD/JPY,5m,68.7,neutral
2026-07-03 13:46:21 UTC,USD/JPY,1h,49.85,neutral
2026-07-03 13:47:17 UTC,BTC/USD,5m,59.36,neutral
2026-07-03 13:47:17 UTC,BTC/USD,1h,66.05,neutral
2026-07-03 13:47:17 UTC,ETH/USD,5m,65.83,neutral
2026-07-03 13:47:17 UTC,ETH/USD,1h,74.57,overbought
2026-07-03 13:47:18 UTC,XAU/USD,5m,37.02,neutral
2026-07-03 13:47:18 UTC,XAU/USD,1h,60.71,neutral
2026-07-03 13:47:18 UTC,EUR/USD,5m,36.94,neutral
2026-07-03 13:47:18 UTC,EUR/USD,1h,53.71,neutral
2026-07-03 13:47:18 UTC,GBP/USD,5m,43.28,neutral
2026-07-03 13:47:18 UTC,GBP/USD,1h,52.02,neutral
2026-07-03 13:47:18 UTC,USD/JPY,5m,67.38,neutral
2026-07-03 13:47:18 UTC,USD/JPY,1h,49.67,neutral
2026-07-03 13:48:19 UTC,BTC/USD,5m,60.82,neutral
2026-07-03 13:48:19 UTC,BTC/USD,1h,66.29,neutral
2026-07-03 13:48:19 UTC,ETH/USD,5m,68.63,neutral
2026-07-03 13:48:19 UTC,ETH/USD,1h,74.84,overbought
2026-07-03 13:48:20 UTC,XAU/USD,5m,33.52,neutral
2026-07-03 13:48:20 UTC,XAU/USD,1h,59.53,neutral
2026-07-03 13:48:20 UTC,EUR/USD,5m,38.96,neutral
2026-07-03 13:48:20 UTC,EUR/USD,1h,54.31,neutral
2026-07-03 13:48:20 UTC,GBP/USD,5m,45.06,neutral
2026-07-03 13:48:20 UTC,GBP/USD,1h,52.74,neutral
2026-07-03 13:48:20 UTC,USD/JPY,5m,66.73,neutral
2026-07-03 13:48:20 UTC,USD/JPY,1h,49.6,neutral
2026-07-03 13:49:18 UTC,BTC/USD,5m,60.82,neutral
2026-07-03 13:49:18 UTC,BTC/USD,1h,66.29,neutral
2026-07-03 13:49:18 UTC,ETH/USD,5m,63.47,neutral
2026-07-03 13:49:18 UTC,ETH/USD,1h,74.88,overbought
2026-07-03 13:49:19 UTC,XAU/USD,5m,32.47,neutral
2026-07-03 13:49:19 UTC,XAU/USD,1h,59.1,neutral
2026-07-03 13:49:19 UTC,EUR/USD,5m,37.75,neutral
2026-07-03 13:49:20 UTC,EUR/USD,1h,54.01,neutral
2026-07-03 13:49:20 UTC,GBP/USD,5m,44.45,neutral
2026-07-03 13:49:20 UTC,GBP/USD,1h,52.49,neutral
2026-07-03 13:49:20 UTC,USD/JPY,5m,67.38,neutral
2026-07-03 13:49:20 UTC,USD/JPY,1h,49.67,neutral
2026-07-03 13:50:42 UTC,BTC/USD,5m,55.56,neutral
2026-07-03 13:50:42 UTC,BTC/USD,1h,65.51,neutral
2026-07-03 13:50:42 UTC,ETH/USD,5m,61.81,neutral
2026-07-03 13:50:42 UTC,ETH/USD,1h,74.13,overbought
2026-07-03 13:50:43 UTC,XAU/USD,5m,33.68,neutral
2026-07-03 13:50:43 UTC,XAU/USD,1h,59.55,neutral
2026-07-03 13:50:44 UTC,EUR/USD,5m,37.12,neutral
2026-07-03 13:50:44 UTC,EUR/USD,1h,53.78,neutral
2026-07-03 13:50:44 UTC,GBP/USD,5m,43.27,neutral
2026-07-03 13:50:44 UTC,GBP/USD,1h,52.02,neutral
2026-07-03 13:50:44 UTC,USD/JPY,5m,67.22,neutral
2026-07-03 13:50:44 UTC,USD/JPY,1h,49.67,neutral
2026-07-03 13:51:18 UTC,BTC/USD,5m,56.32,neutral
2026-07-03 13:51:18 UTC,BTC/USD,1h,65.51,neutral
2026-07-03 13:51:18 UTC,ETH/USD,5m,60.82,neutral
2026-07-03 13:51:18 UTC,ETH/USD,1h,74.02,overbought
2026-07-03 13:51:19 UTC,XAU/USD,5m,34.93,neutral
2026-07-03 13:51:19 UTC,XAU/USD,1h,59.79,neutral
2026-07-03 13:51:19 UTC,EUR/USD,5m,37.34,neutral
2026-07-03 13:51:19 UTC,EUR/USD,1h,53.86,neutral
2026-07-03 13:51:19 UTC,GBP/USD,5m,42.23,neutral
2026-07-03 13:51:20 UTC,GBP/USD,1h,51.6,neutral
2026-07-03 13:51:20 UTC,USD/JPY,5m,67.73,neutral
2026-07-03 13:51:20 UTC,USD/JPY,1h,49.78,neutral
2026-07-03 13:52:20 UTC,BTC/USD,5m,57.91,neutral
2026-07-03 13:52:20 UTC,BTC/USD,1h,66.11,neutral
2026-07-03 13:52:20 UTC,ETH/USD,5m,62.75,neutral
2026-07-03 13:52:20 UTC,ETH/USD,1h,74.5,overbought
2026-07-03 13:52:20 UTC,XAU/USD,5m,35.78,neutral
2026-07-03 13:52:20 UTC,XAU/USD,1h,59.96,neutral
2026-07-03 13:52:21 UTC,EUR/USD,5m,37.12,neutral
2026-07-03 13:52:21 UTC,EUR/USD,1h,53.78,neutral
2026-07-03 13:52:21 UTC,GBP/USD,5m,41.23,neutral
2026-07-03 13:52:21 UTC,GBP/USD,1h,51.2,neutral
2026-07-03 13:52:21 UTC,USD/JPY,5m,66.35,neutral
2026-07-03 13:52:21 UTC,USD/JPY,1h,49.57,neutral
2026-07-03 13:53:20 UTC,BTC/USD,5m,59.96,neutral
2026-07-03 13:53:20 UTC,BTC/USD,1h,66.45,neutral
2026-07-03 13:53:20 UTC,ETH/USD,5m,64.46,neutral
2026-07-03 13:53:21 UTC,ETH/USD,1h,74.77,overbought
2026-07-03 13:53:21 UTC,XAU/USD,5m,35.94,neutral
2026-07-03 13:53:21 UTC,XAU/USD,1h,59.99,neutral
2026-07-03 13:53:22 UTC,EUR/USD,5m,35.28,neutral
2026-07-03 13:53:22 UTC,EUR/USD,1h,53.12,neutral
2026-07-03 13:53:22 UTC,GBP/USD,5m,39.51,neutral
2026-07-03 13:53:22 UTC,GBP/USD,1h,50.46,neutral
2026-07-03 13:53:22 UTC,USD/JPY,5m,66.7,neutral
2026-07-03 13:53:22 UTC,USD/JPY,1h,49.6,neutral
2026-07-03 13:54:18 UTC,BTC/USD,5m,63.15,neutral
2026-07-03 13:54:18 UTC,BTC/USD,1h,67.38,neutral
2026-07-03 13:54:18 UTC,ETH/USD,5m,67.99,neutral
2026-07-03 13:54:18 UTC,ETH/USD,1h,75.13,overbought
2026-07-03 13:54:19 UTC,XAU/USD,5m,39.87,neutral
2026-07-03 13:54:19 UTC,XAU/USD,1h,60.85,neutral
2026-07-03 13:54:19 UTC,EUR/USD,5m,33.97,neutral
2026-07-03 13:54:19 UTC,EUR/USD,1h,52.61,neutral
2026-07-03 13:54:20 UTC,GBP/USD,5m,40.42,neutral
2026-07-03 13:54:20 UTC,GBP/USD,1h,50.86,neutral
2026-07-03 13:54:20 UTC,USD/JPY,5m,68.22,neutral
2026-07-03 13:54:20 UTC,USD/JPY,1h,49.89,neutral
2026-07-03 13:55:25 UTC,BTC/USD,5m,57.61,neutral
2026-07-03 13:55:25 UTC,BTC/USD,1h,66.24,neutral
2026-07-03 13:55:25 UTC,ETH/USD,5m,62.41,neutral
2026-07-03 13:55:25 UTC,ETH/USD,1h,74.24,overbought
2026-07-03 13:55:26 UTC,XAU/USD,5m,37.57,neutral
2026-07-03 13:55:26 UTC,XAU/USD,1h,60.33,neutral
2026-07-03 13:55:26 UTC,EUR/USD,5m,31.46,neutral
2026-07-03 13:55:26 UTC,EUR/USD,1h,51.56,neutral
2026-07-03 13:55:26 UTC,GBP/USD,5m,38.12,neutral
2026-07-03 13:55:26 UTC,GBP/USD,1h,49.8,neutral
2026-07-03 13:55:26 UTC,USD/JPY,5m,70.61,overbought
2026-07-03 13:55:27 UTC,USD/JPY,1h,50.44,neutral
2026-07-03 13:56:19 UTC,BTC/USD,5m,60.85,neutral
2026-07-03 13:56:19 UTC,BTC/USD,1h,66.67,neutral
2026-07-03 13:56:19 UTC,ETH/USD,5m,62.79,neutral
2026-07-03 13:56:19 UTC,ETH/USD,1h,74.38,overbought
2026-07-03 13:56:20 UTC,XAU/USD,5m,39.84,neutral
2026-07-03 13:56:20 UTC,XAU/USD,1h,60.81,neutral
2026-07-03 13:56:20 UTC,EUR/USD,5m,39.19,neutral
2026-07-03 13:56:20 UTC,EUR/USD,1h,53.26,neutral
2026-07-03 13:56:20 UTC,GBP/USD,5m,42.69,neutral
2026-07-03 13:56:21 UTC,GBP/USD,1h,51.14,neutral
2026-07-03 13:56:21 UTC,USD/JPY,5m,66.57,neutral
2026-07-03 13:56:21 UTC,USD/JPY,1h,50.03,neutral
2026-07-03 13:57:16 UTC,BTC/USD,5m,57.14,neutral
2026-07-03 13:57:16 UTC,BTC/USD,1h,65.88,neutral
2026-07-03 13:57:16 UTC,ETH/USD,5m,62.9,neutral
2026-07-03 13:57:17 UTC,ETH/USD,1h,74.39,overbought
2026-07-03 13:57:17 UTC,XAU/USD,5m,41.15,neutral
2026-07-03 13:57:17 UTC,XAU/USD,1h,61.11,neutral
2026-07-03 13:57:17 UTC,EUR/USD,5m,41.13,neutral
2026-07-03 13:57:17 UTC,EUR/USD,1h,53.78,neutral
2026-07-03 13:57:17 UTC,GBP/USD,5m,44.57,neutral
2026-07-03 13:57:17 UTC,GBP/USD,1h,51.78,neutral
2026-07-03 13:57:18 UTC,USD/JPY,5m,65.33,neutral
2026-07-03 13:57:18 UTC,USD/JPY,1h,49.89,neutral
2026-07-03 13:58:20 UTC,BTC/USD,5m,58.36,neutral
2026-07-03 13:58:20 UTC,BTC/USD,1h,66.1,neutral
2026-07-03 13:58:20 UTC,ETH/USD,5m,64.3,neutral
2026-07-03 13:58:20 UTC,ETH/USD,1h,74.78,overbought
2026-07-03 13:58:21 UTC,XAU/USD,5m,37.21,neutral
2026-07-03 13:58:21 UTC,XAU/USD,1h,60.21,neutral
2026-07-03 13:58:22 UTC,EUR/USD,5m,37.12,neutral
2026-07-03 13:58:22 UTC,EUR/USD,1h,52.76,neutral
2026-07-03 13:58:22 UTC,GBP/USD,5m,41.8,neutral
2026-07-03 13:58:22 UTC,GBP/USD,1h,50.86,neutral
2026-07-03 13:58:22 UTC,USD/JPY,5m,69.9,neutral
2026-07-03 13:58:22 UTC,USD/JPY,1h,50.38,neutral
2026-07-03 13:59:16 UTC,BTC/USD,5m,55.92,neutral
2026-07-03 13:59:16 UTC,BTC/USD,1h,65.98,neutral
2026-07-03 13:59:16 UTC,ETH/USD,5m,64.75,neutral
2026-07-03 13:59:16 UTC,ETH/USD,1h,74.5,overbought
2026-07-03 13:59:17 UTC,XAU/USD,5m,35.07,neutral
2026-07-03 13:59:17 UTC,XAU/USD,1h,59.44,neutral
2026-07-03 13:59:18 UTC,EUR/USD,5m,33.23,neutral
2026-07-03 13:59:18 UTC,EUR/USD,1h,51.91,neutral
2026-07-03 13:59:18 UTC,GBP/USD,5m,39.53,neutral
2026-07-03 13:59:18 UTC,GBP/USD,1h,50.19,neutral
2026-07-03 13:59:18 UTC,USD/JPY,5m,68.87,neutral
2026-07-03 13:59:18 UTC,USD/JPY,1h,50.27,neutral
2026-07-03 14:00:49 UTC,BTC/USD,5m,51.93,neutral
2026-07-03 14:00:49 UTC,BTC/USD,1h,63.78,neutral
2026-07-03 14:00:50 UTC,ETH/USD,5m,60.03,neutral
2026-07-03 14:00:50 UTC,ETH/USD,1h,73.17,overbought
2026-07-03 14:00:50 UTC,XAU/USD,5m,33.84,neutral
2026-07-03 14:00:50 UTC,XAU/USD,1h,58.97,neutral
2026-07-03 14:00:51 UTC,EUR/USD,5m,38.22,neutral
2026-07-03 14:00:51 UTC,EUR/USD,1h,52.96,neutral
2026-07-03 14:00:51 UTC,GBP/USD,5m,40.8,neutral
2026-07-03 14:00:51 UTC,GBP/USD,1h,50.22,neutral
2026-07-03 14:00:51 UTC,USD/JPY,5m,68.2,neutral
2026-07-03 14:00:51 UTC,USD/JPY,1h,50.44,neutral
2026-07-03 14:01:21 UTC,BTC/USD,5m,45.47,neutral
2026-07-03 14:01:21 UTC,BTC/USD,1h,63.78,neutral
2026-07-03 14:01:21 UTC,ETH/USD,5m,51.32,neutral
2026-07-03 14:01:21 UTC,ETH/USD,1h,69.92,neutral
2026-07-03 14:01:22 UTC,XAU/USD,5m,35.36,neutral
2026-07-03 14:01:22 UTC,XAU/USD,1h,59.38,neutral
2026-07-03 14:01:22 UTC,EUR/USD,5m,38.93,neutral
2026-07-03 14:01:22 UTC,EUR/USD,1h,53.19,neutral
2026-07-03 14:01:22 UTC,GBP/USD,5m,41.98,neutral
2026-07-03 14:01:22 UTC,GBP/USD,1h,50.76,neutral
2026-07-03 14:01:23 UTC,USD/JPY,5m,67.74,neutral
2026-07-03 14:01:23 UTC,USD/JPY,1h,50.33,neutral
2026-07-03 14:02:20 UTC,BTC/USD,5m,44.76,neutral
2026-07-03 14:02:20 UTC,BTC/USD,1h,60.55,neutral
2026-07-03 14:02:20 UTC,ETH/USD,5m,51.95,neutral
2026-07-03 14:02:20 UTC,ETH/USD,1h,70.19,overbought
2026-07-03 14:02:21 UTC,XAU/USD,5m,34.3,neutral
2026-07-03 14:02:21 UTC,XAU/USD,1h,59.15,neutral
2026-07-03 14:02:21 UTC,EUR/USD,5m,36.21,neutral
2026-07-03 14:02:21 UTC,EUR/USD,1h,52.12,neutral
2026-07-03 14:02:21 UTC,GBP/USD,5m,40.55,neutral
2026-07-03 14:02:21 UTC,GBP/USD,1h,50.1,neutral
2026-07-03 14:02:22 UTC,USD/JPY,5m,68.05,neutral
2026-07-03 14:02:22 UTC,USD/JPY,1h,50.41,neutral
2026-07-03 14:03:19 UTC,BTC/USD,5m,46.29,neutral
2026-07-03 14:03:20 UTC,BTC/USD,1h,61.29,neutral
2026-07-03 14:03:20 UTC,ETH/USD,5m,52.81,neutral
2026-07-03 14:03:20 UTC,ETH/USD,1h,70.53,overbought
2026-07-03 14:03:21 UTC,XAU/USD,5m,34.48,neutral
2026-07-03 14:03:21 UTC,XAU/USD,1h,59.22,neutral
2026-07-03 14:03:21 UTC,EUR/USD,5m,36.04,neutral
2026-07-03 14:03:22 UTC,EUR/USD,1h,52.04,neutral
2026-07-03 14:03:22 UTC,GBP/USD,5m,41.06,neutral
2026-07-03 14:03:22 UTC,GBP/USD,1h,50.34,neutral
2026-07-03 14:03:22 UTC,USD/JPY,5m,68.95,neutral
2026-07-03 14:03:22 UTC,USD/JPY,1h,50.63,neutral
2026-07-03 14:04:19 UTC,BTC/USD,5m,45.48,neutral
2026-07-03 14:04:19 UTC,BTC/USD,1h,60.78,neutral
2026-07-03 14:04:19 UTC,ETH/USD,5m,52.04,neutral
2026-07-03 14:04:20 UTC,ETH/USD,1h,70.22,overbought
2026-07-03 14:04:20 UTC,XAU/USD,5m,33.9,neutral
2026-07-03 14:04:20 UTC,XAU/USD,1h,59.0,neutral
2026-07-03 14:04:21 UTC,EUR/USD,5m,40.14,neutral
2026-07-03 14:04:21 UTC,EUR/USD,1h,53.46,neutral
2026-07-03 14:04:21 UTC,GBP/USD,5m,43.59,neutral
2026-07-03 14:04:21 UTC,GBP/USD,1h,51.43,neutral
2026-07-03 14:04:21 UTC,USD/JPY,5m,68.66,neutral
2026-07-03 14:04:21 UTC,USD/JPY,1h,50.55,neutral
2026-07-03 14:05:26 UTC,BTC/USD,5m,48.88,neutral
2026-07-03 14:05:26 UTC,BTC/USD,1h,62.48,neutral
2026-07-03 14:05:26 UTC,ETH/USD,5m,55.94,neutral
2026-07-03 14:05:27 UTC,ETH/USD,1h,71.74,overbought
2026-07-03 14:05:27 UTC,XAU/USD,5m,39.62,neutral
2026-07-03 14:05:27 UTC,XAU/USD,1h,60.01,neutral
2026-07-03 14:05:27 UTC,EUR/USD,5m,39.87,neutral
2026-07-03 14:05:28 UTC,EUR/USD,1h,53.39,neutral
2026-07-03 14:05:28 UTC,GBP/USD,5m,43.97,neutral
2026-07-03 14:05:28 UTC,GBP/USD,1h,51.55,neutral
2026-07-03 14:05:28 UTC,USD/JPY,5m,68.66,neutral
2026-07-03 14:05:28 UTC,USD/JPY,1h,50.55,neutral
2026-07-03 14:06:19 UTC,BTC/USD,5m,46.85,neutral
2026-07-03 14:06:19 UTC,BTC/USD,1h,61.62,neutral
2026-07-03 14:06:19 UTC,ETH/USD,5m,53.64,neutral
2026-07-03 14:06:20 UTC,ETH/USD,1h,70.92,overbought
2026-07-03 14:06:20 UTC,XAU/USD,5m,36.03,neutral
2026-07-03 14:06:20 UTC,XAU/USD,1h,59.09,neutral
2026-07-03 14:06:20 UTC,EUR/USD,5m,41.13,neutral
2026-07-03 14:06:21 UTC,EUR/USD,1h,53.67,neutral
2026-07-03 14:06:21 UTC,GBP/USD,5m,43.97,neutral
2026-07-03 14:06:21 UTC,GBP/USD,1h,51.55,neutral
2026-07-03 14:06:21 UTC,USD/JPY,5m,66.29,neutral
2026-07-03 14:06:21 UTC,USD/JPY,1h,50.29,neutral
2026-07-03 14:07:17 UTC,BTC/USD,5m,47.16,neutral
2026-07-03 14:07:18 UTC,BTC/USD,1h,62.17,neutral
2026-07-03 14:07:18 UTC,ETH/USD,5m,54.88,neutral
2026-07-03 14:07:18 UTC,ETH/USD,1h,71.37,overbought
2026-07-03 14:07:18 UTC,XAU/USD,5m,34.41,neutral
2026-07-03 14:07:18 UTC,XAU/USD,1h,58.42,neutral
2026-07-03 14:07:18 UTC,EUR/USD,5m,38.5,neutral
2026-07-03 14:07:18 UTC,EUR/USD,1h,52.96,neutral
2026-07-03 14:07:18 UTC,GBP/USD,5m,42.58,neutral
2026-07-03 14:07:19 UTC,GBP/USD,1h,51.01,neutral
2026-07-03 14:07:19 UTC,USD/JPY,5m,65.96,neutral
2026-07-03 14:07:19 UTC,USD/JPY,1h,50.26,neutral
2026-07-03 14:08:26 UTC,BTC/USD,5m,48.14,neutral
2026-07-03 14:08:26 UTC,BTC/USD,1h,62.03,neutral
2026-07-03 14:08:27 UTC,ETH/USD,5m,53.68,neutral
2026-07-03 14:08:27 UTC,ETH/USD,1h,70.92,overbought
2026-07-03 14:08:28 UTC,XAU/USD,5m,32.49,neutral
2026-07-03 14:08:28 UTC,XAU/USD,1h,57.57,neutral
2026-07-03 14:08:28 UTC,EUR/USD,5m,39.33,neutral
2026-07-03 14:08:28 UTC,EUR/USD,1h,53.26,neutral
2026-07-03 14:08:28 UTC,GBP/USD,5m,44.74,neutral
2026-07-03 14:08:29 UTC,GBP/USD,1h,51.78,neutral
2026-07-03 14:08:29 UTC,USD/JPY,5m,66.61,neutral
2026-07-03 14:08:29 UTC,USD/JPY,1h,50.33,neutral
2026-07-03 14:09:20 UTC,BTC/USD,5m,47.8,neutral
2026-07-03 14:09:20 UTC,BTC/USD,1h,62.03,neutral
2026-07-03 14:09:20 UTC,ETH/USD,5m,52.64,neutral
2026-07-03 14:09:20 UTC,ETH/USD,1h,71.07,overbought
2026-07-03 14:09:21 UTC,XAU/USD,5m,28.01,oversold
2026-07-03 14:09:22 UTC,XAU/USD,1h,55.26,neutral
2026-07-03 14:09:22 UTC,EUR/USD,5m,39.87,neutral
2026-07-03 14:09:22 UTC,EUR/USD,1h,53.39,neutral
2026-07-03 14:09:22 UTC,GBP/USD,5m,44.93,neutral
2026-07-03 14:09:22 UTC,GBP/USD,1h,51.84,neutral
2026-07-03 14:09:22 UTC,USD/JPY,5m,64.69,neutral
2026-07-03 14:09:23 UTC,USD/JPY,1h,50.11,neutral
2026-07-03 14:10:41 UTC,BTC/USD,5m,47.53,neutral
2026-07-03 14:10:41 UTC,BTC/USD,1h,61.92,neutral
2026-07-03 14:10:41 UTC,ETH/USD,5m,54.22,neutral
2026-07-03 14:10:41 UTC,ETH/USD,1h,71.13,overbought
2026-07-03 14:10:42 UTC,XAU/USD,5m,32.93,neutral
2026-07-03 14:10:42 UTC,XAU/USD,1h,56.91,neutral
2026-07-03 14:10:42 UTC,EUR/USD,5m,44.08,neutral
2026-07-03 14:10:42 UTC,EUR/USD,1h,54.2,neutral
2026-07-03 14:10:42 UTC,GBP/USD,5m,47.37,neutral
2026-07-03 14:10:42 UTC,GBP/USD,1h,52.58,neutral
2026-07-03 14:10:43 UTC,USD/JPY,5m,61.1,neutral
2026-07-03 14:10:43 UTC,USD/JPY,1h,49.65,neutral
2026-07-03 14:11:17 UTC,BTC/USD,5m,45.62,neutral
2026-07-03 14:11:17 UTC,BTC/USD,1h,60.57,neutral
2026-07-03 14:11:17 UTC,ETH/USD,5m,51.46,neutral
2026-07-03 14:11:17 UTC,ETH/USD,1h,70.18,overbought
2026-07-03 14:11:17 UTC,XAU/USD,5m,38.53,neutral
2026-07-03 14:11:18 UTC,XAU/USD,1h,58.37,neutral
2026-07-03 14:11:18 UTC,EUR/USD,5m,42.26,neutral
2026-07-03 14:11:18 UTC,EUR/USD,1h,53.8,neutral
2026-07-03 14:11:18 UTC,GBP/USD,5m,45.87,neutral
2026-07-03 14:11:18 UTC,GBP/USD,1h,52.13,neutral
2026-07-03 14:11:18 UTC,USD/JPY,5m,61.1,neutral
2026-07-03 14:11:18 UTC,USD/JPY,1h,49.65,neutral
2026-07-03 14:12:19 UTC,BTC/USD,5m,44.25,neutral
2026-07-03 14:12:19 UTC,BTC/USD,1h,60.66,neutral
2026-07-03 14:12:19 UTC,ETH/USD,5m,50.62,neutral
2026-07-03 14:12:20 UTC,ETH/USD,1h,69.57,neutral
2026-07-03 14:12:20 UTC,XAU/USD,5m,36.2,neutral
2026-07-03 14:12:20 UTC,XAU/USD,1h,57.72,neutral
2026-07-03 14:12:20 UTC,EUR/USD,5m,43.61,neutral
2026-07-03 14:12:21 UTC,EUR/USD,1h,54.2,neutral
2026-07-03 14:12:21 UTC,GBP/USD,5m,46.23,neutral
2026-07-03 14:12:21 UTC,GBP/USD,1h,52.24,neutral
2026-07-03 14:12:21 UTC,USD/JPY,5m,57.71,neutral
2026-07-03 14:12:21 UTC,USD/JPY,1h,49.21,neutral
2026-07-03 14:13:19 UTC,BTC/USD,5m,41.38,neutral
2026-07-03 14:13:20 UTC,BTC/USD,1h,59.23,neutral
2026-07-03 14:13:20 UTC,ETH/USD,5m,48.66,neutral
2026-07-03 14:13:20 UTC,ETH/USD,1h,68.34,neutral
2026-07-03 14:13:21 UTC,XAU/USD,5m,36.83,neutral
2026-07-03 14:13:21 UTC,XAU/USD,1h,57.89,neutral
2026-07-03 14:13:21 UTC,EUR/USD,5m,44.68,neutral
2026-07-03 14:13:21 UTC,EUR/USD,1h,54.46,neutral
2026-07-03 14:13:22 UTC,GBP/USD,5m,47.37,neutral
2026-07-03 14:13:22 UTC,GBP/USD,1h,52.58,neutral
2026-07-03 14:13:22 UTC,USD/JPY,5m,59.35,neutral
2026-07-03 14:13:22 UTC,USD/JPY,1h,49.43,neutral
2026-07-03 14:14:18 UTC,BTC/USD,5m,37.34,neutral
2026-07-03 14:14:19 UTC,BTC/USD,1h,57.16,neutral
2026-07-03 14:14:19 UTC,ETH/USD,5m,43.79,neutral
2026-07-03 14:14:19 UTC,ETH/USD,1h,67.08,neutral
2026-07-03 14:14:20 UTC,XAU/USD,5m,38.37,neutral
2026-07-03 14:14:20 UTC,XAU/USD,1h,58.33,neutral
2026-07-03 14:14:20 UTC,EUR/USD,5m,42.93,neutral
2026-07-03 14:14:20 UTC,EUR/USD,1h,54.0,neutral
2026-07-03 14:14:20 UTC,GBP/USD,5m,43.08,neutral
2026-07-03 14:14:20 UTC,GBP/USD,1h,51.07,neutral
2026-07-03 14:14:20 UTC,USD/JPY,5m,62.56,neutral
2026-07-03 14:14:21 UTC,USD/JPY,1h,49.88,neutral
2026-07-03 14:15:27 UTC,BTC/USD,5m,34.9,neutral
2026-07-03 14:15:28 UTC,BTC/USD,1h,55.75,neutral
2026-07-03 14:15:28 UTC,ETH/USD,5m,38.91,neutral
2026-07-03 14:15:28 UTC,ETH/USD,1h,64.66,neutral
2026-07-03 14:15:28 UTC,XAU/USD,5m,36.99,neutral
2026-07-03 14:15:28 UTC,XAU/USD,1h,57.93,neutral
2026-07-03 14:15:29 UTC,EUR/USD,5m,41.79,neutral
2026-07-03 14:15:29 UTC,EUR/USD,1h,53.67,neutral
2026-07-03 14:15:29 UTC,GBP/USD,5m,43.97,neutral
2026-07-03 14:15:29 UTC,GBP/USD,1h,51.43,neutral
2026-07-03 14:15:29 UTC,USD/JPY,5m,60.48,neutral
2026-07-03 14:15:29 UTC,USD/JPY,1h,49.58,neutral
2026-07-03 14:16:18 UTC,BTC/USD,5m,38.99,neutral
2026-07-03 14:16:18 UTC,BTC/USD,1h,57.08,neutral
2026-07-03 14:16:18 UTC,ETH/USD,5m,38.87,neutral
2026-07-03 14:16:18 UTC,ETH/USD,1h,65.54,neutral
2026-07-03 14:16:19 UTC,XAU/USD,5m,40.59,neutral
2026-07-03 14:16:19 UTC,XAU/USD,1h,58.93,neutral
2026-07-03 14:16:19 UTC,EUR/USD,5m,46.44,neutral
2026-07-03 14:16:19 UTC,EUR/USD,1h,54.72,neutral
2026-07-03 14:16:19 UTC,GBP/USD,5m,47.12,neutral
2026-07-03 14:16:19 UTC,GBP/USD,1h,52.35,neutral
2026-07-03 14:16:19 UTC,USD/JPY,5m,60.17,neutral
2026-07-03 14:16:19 UTC,USD/JPY,1h,49.54,neutral
2026-07-03 14:17:17 UTC,BTC/USD,5m,39.53,neutral
2026-07-03 14:17:17 UTC,BTC/USD,1h,57.28,neutral
2026-07-03 14:17:17 UTC,ETH/USD,5m,41.26,neutral
2026-07-03 14:17:17 UTC,ETH/USD,1h,65.45,neutral
2026-07-03 14:17:18 UTC,XAU/USD,5m,39.96,neutral
2026-07-03 14:17:18 UTC,XAU/USD,1h,58.74,neutral
2026-07-03 14:17:18 UTC,EUR/USD,5m,48.05,neutral
2026-07-03 14:17:18 UTC,EUR/USD,1h,55.11,neutral
2026-07-03 14:17:18 UTC,GBP/USD,5m,48.03,neutral
2026-07-03 14:17:18 UTC,GBP/USD,1h,52.63,neutral
2026-07-03 14:17:18 UTC,USD/JPY,5m,61.0,neutral
2026-07-03 14:17:19 UTC,USD/JPY,1h,49.65,neutral
2026-07-03 14:18:18 UTC,BTC/USD,5m,41.75,neutral
2026-07-03 14:18:18 UTC,BTC/USD,1h,58.13,neutral
2026-07-03 14:18:18 UTC,ETH/USD,5m,43.86,neutral
2026-07-03 14:18:18 UTC,ETH/USD,1h,66.42,neutral
2026-07-03 14:18:19 UTC,XAU/USD,5m,41.47,neutral
2026-07-03 14:18:19 UTC,XAU/USD,1h,59.19,neutral
2026-07-03 14:18:19 UTC,EUR/USD,5m,49.32,neutral
2026-07-03 14:18:19 UTC,EUR/USD,1h,55.42,neutral
2026-07-03 14:18:19 UTC,GBP/USD,5m,47.67,neutral
2026-07-03 14:18:19 UTC,GBP/USD,1h,52.52,neutral
2026-07-03 14:18:19 UTC,USD/JPY,5m,56.64,neutral
2026-07-03 14:18:19 UTC,USD/JPY,1h,49.1,neutral
2026-07-03 14:19:17 UTC,BTC/USD,5m,39.53,neutral
2026-07-03 14:19:17 UTC,BTC/USD,1h,57.38,neutral
2026-07-03 14:19:17 UTC,ETH/USD,5m,41.51,neutral
2026-07-03 14:19:18 UTC,ETH/USD,1h,65.54,neutral
2026-07-03 14:19:18 UTC,XAU/USD,5m,37.91,neutral
2026-07-03 14:19:18 UTC,XAU/USD,1h,58.18,neutral
2026-07-03 14:19:19 UTC,EUR/USD,5m,48.05,neutral
2026-07-03 14:19:19 UTC,EUR/USD,1h,55.11,neutral
2026-07-03 14:19:19 UTC,GBP/USD,5m,47.49,neutral
2026-07-03 14:19:19 UTC,GBP/USD,1h,52.46,neutral
2026-07-03 14:19:19 UTC,USD/JPY,5m,57.2,neutral
2026-07-03 14:19:19 UTC,USD/JPY,1h,49.17,neutral
2026-07-03 14:20:44 UTC,BTC/USD,5m,38.2,neutral
2026-07-03 14:20:44 UTC,BTC/USD,1h,56.81,neutral
2026-07-03 14:20:44 UTC,ETH/USD,5m,38.68,neutral
2026-07-03 14:20:44 UTC,ETH/USD,1h,64.56,neutral
2026-07-03 14:20:45 UTC,XAU/USD,5m,38.38,neutral
2026-07-03 14:20:45 UTC,XAU/USD,1h,58.28,neutral
2026-07-03 14:20:45 UTC,EUR/USD,5m,47.79,neutral
2026-07-03 14:20:45 UTC,EUR/USD,1h,55.05,neutral
2026-07-03 14:20:45 UTC,GBP/USD,5m,46.86,neutral
2026-07-03 14:20:46 UTC,GBP/USD,1h,52.24,neutral
2026-07-03 14:20:46 UTC,USD/JPY,5m,59.47,neutral
2026-07-03 14:20:46 UTC,USD/JPY,1h,49.47,neutral
2026-07-03 14:21:17 UTC,BTC/USD,5m,36.99,neutral
2026-07-03 14:21:17 UTC,BTC/USD,1h,56.17,neutral
2026-07-03 14:21:17 UTC,ETH/USD,5m,37.63,neutral
2026-07-03 14:21:18 UTC,ETH/USD,1h,64.06,neutral
2026-07-03 14:21:18 UTC,XAU/USD,5m,38.19,neutral
2026-07-03 14:21:18 UTC,XAU/USD,1h,58.23,neutral
2026-07-03 14:21:19 UTC,EUR/USD,5m,49.41,neutral
2026-07-03 14:21:19 UTC,EUR/USD,1h,55.42,neutral
2026-07-03 14:21:19 UTC,GBP/USD,5m,47.86,neutral
2026-07-03 14:21:19 UTC,GBP/USD,1h,52.58,neutral
2026-07-03 14:21:19 UTC,USD/JPY,5m,57.35,neutral
2026-07-03 14:21:19 UTC,USD/JPY,1h,49.21,neutral
2026-07-03 14:22:18 UTC,BTC/USD,5m,36.12,neutral
2026-07-03 14:22:18 UTC,BTC/USD,1h,56.57,neutral
2026-07-03 14:22:18 UTC,ETH/USD,5m,35.42,neutral
2026-07-03 14:22:18 UTC,ETH/USD,1h,62.94,neutral
2026-07-03 14:22:19 UTC,XAU/USD,5m,37.33,neutral
2026-07-03 14:22:19 UTC,XAU/USD,1h,58.02,neutral
2026-07-03 14:22:19 UTC,EUR/USD,5m,51.45,neutral
2026-07-03 14:22:19 UTC,EUR/USD,1h,55.92,neutral
2026-07-03 14:22:19 UTC,GBP/USD,5m,48.38,neutral
2026-07-03 14:22:20 UTC,GBP/USD,1h,52.74,neutral
2026-07-03 14:22:20 UTC,USD/JPY,5m,53.64,neutral
2026-07-03 14:22:20 UTC,USD/JPY,1h,48.74,neutral
2026-07-03 14:23:17 UTC,BTC/USD,5m,38.52,neutral
2026-07-03 14:23:17 UTC,BTC/USD,1h,56.91,neutral
2026-07-03 14:23:17 UTC,ETH/USD,5m,35.41,neutral
2026-07-03 14:23:17 UTC,ETH/USD,1h,63.19,neutral
2026-07-03 14:23:17 UTC,XAU/USD,5m,39.54,neutral
2026-07-03 14:23:18 UTC,XAU/USD,1h,58.58,neutral
2026-07-03 14:23:18 UTC,EUR/USD,5m,46.54,neutral
2026-07-03 14:23:18 UTC,EUR/USD,1h,54.72,neutral
2026-07-03 14:23:18 UTC,GBP/USD,5m,44.82,neutral
2026-07-03 14:23:18 UTC,GBP/USD,1h,51.49,neutral
2026-07-03 14:23:18 UTC,USD/JPY,5m,55.86,neutral
2026-07-03 14:23:18 UTC,USD/JPY,1h,49.03,neutral
2026-07-03 14:24:17 UTC,BTC/USD,5m,44.15,neutral
2026-07-03 14:24:17 UTC,BTC/USD,1h,58.99,neutral
2026-07-03 14:24:17 UTC,ETH/USD,5m,38.01,neutral
2026-07-03 14:24:17 UTC,ETH/USD,1h,64.24,neutral
2026-07-03 14:24:18 UTC,XAU/USD,5m,40.81,neutral
2026-07-03 14:24:18 UTC,XAU/USD,1h,58.92,neutral
2026-07-03 14:24:18 UTC,EUR/USD,5m,46.54,neutral
2026-07-03 14:24:18 UTC,EUR/USD,1h,54.72,neutral
2026-07-03 14:24:18 UTC,GBP/USD,5m,44.52,neutral
2026-07-03 14:24:19 UTC,GBP/USD,1h,51.37,neutral
2026-07-03 14:24:19 UTC,USD/JPY,5m,56.16,neutral
2026-07-03 14:24:19 UTC,USD/JPY,1h,49.06,neutral
2026-07-03 14:25:24 UTC,BTC/USD,5m,42.65,neutral
2026-07-03 14:25:24 UTC,BTC/USD,1h,58.16,neutral
2026-07-03 14:25:24 UTC,ETH/USD,5m,36.88,neutral
2026-07-03 14:25:24 UTC,ETH/USD,1h,63.46,neutral
2026-07-03 14:25:25 UTC,XAU/USD,5m,39.49,neutral
2026-07-03 14:25:25 UTC,XAU/USD,1h,58.56,neutral
2026-07-03 14:25:26 UTC,EUR/USD,5m,48.13,neutral
2026-07-03 14:25:26 UTC,EUR/USD,1h,55.11,neutral
2026-07-03 14:25:26 UTC,GBP/USD,5m,44.72,neutral
2026-07-03 14:25:26 UTC,GBP/USD,1h,51.43,neutral
2026-07-03 14:25:26 UTC,USD/JPY,5m,55.58,neutral
2026-07-03 14:25:26 UTC,USD/JPY,1h,48.99,neutral
2026-07-03 14:26:18 UTC,BTC/USD,5m,44.11,neutral
2026-07-03 14:26:18 UTC,BTC/USD,1h,59.07,neutral
2026-07-03 14:26:18 UTC,ETH/USD,5m,38.74,neutral
2026-07-03 14:26:18 UTC,ETH/USD,1h,64.13,neutral
2026-07-03 14:26:19 UTC,XAU/USD,5m,39.61,neutral
2026-07-03 14:26:19 UTC,XAU/USD,1h,58.59,neutral
2026-07-03 14:26:19 UTC,EUR/USD,5m,51.95,neutral
2026-07-03 14:26:19 UTC,EUR/USD,1h,55.98,neutral
2026-07-03 14:26:19 UTC,GBP/USD,5m,47.7,neutral
2026-07-03 14:26:19 UTC,GBP/USD,1h,52.35,neutral
2026-07-03 14:26:19 UTC,USD/JPY,5m,55.58,neutral
2026-07-03 14:26:19 UTC,USD/JPY,1h,48.99,neutral
2026-07-03 14:27:26 UTC,BTC/USD,5m,43.78,neutral
2026-07-03 14:27:27 UTC,BTC/USD,1h,58.78,neutral
2026-07-03 14:27:27 UTC,ETH/USD,5m,37.49,neutral
2026-07-03 14:27:27 UTC,ETH/USD,1h,63.75,neutral
2026-07-03 14:27:27 UTC,XAU/USD,5m,42.45,neutral
2026-07-03 14:27:27 UTC,XAU/USD,1h,59.31,neutral
2026-07-03 14:27:28 UTC,EUR/USD,5m,54.13,neutral
2026-07-03 14:27:28 UTC,EUR/USD,1h,56.53,neutral
2026-07-03 14:27:28 UTC,GBP/USD,5m,49.58,neutral
2026-07-03 14:27:28 UTC,GBP/USD,1h,52.96,neutral
2026-07-03 14:27:28 UTC,USD/JPY,5m,53.21,neutral
2026-07-03 14:27:28 UTC,USD/JPY,1h,48.7,neutral
2026-07-03 14:28:19 UTC,BTC/USD,5m,43.31,neutral
2026-07-03 14:28:19 UTC,BTC/USD,1h,58.61,neutral
2026-07-03 14:28:19 UTC,ETH/USD,5m,37.34,neutral
2026-07-03 14:28:19 UTC,ETH/USD,1h,63.71,neutral
2026-07-03 14:28:20 UTC,XAU/USD,5m,44.35,neutral
2026-07-03 14:28:20 UTC,XAU/USD,1h,59.68,neutral
2026-07-03 14:28:20 UTC,EUR/USD,5m,58.32,neutral
2026-07-03 14:28:20 UTC,EUR/USD,1h,57.69,neutral
2026-07-03 14:28:20 UTC,GBP/USD,5m,53.79,neutral
2026-07-03 14:28:20 UTC,GBP/USD,1h,54.46,neutral
2026-07-03 14:28:21 UTC,USD/JPY,5m,51.56,neutral
2026-07-03 14:28:21 UTC,USD/JPY,1h,48.49,neutral
2026-07-03 14:29:17 UTC,BTC/USD,5m,44.94,neutral
2026-07-03 14:29:17 UTC,BTC/USD,1h,58.7,neutral
2026-07-03 14:29:17 UTC,ETH/USD,5m,36.36,neutral
2026-07-03 14:29:17 UTC,ETH/USD,1h,63.43,neutral
2026-07-03 14:29:18 UTC,XAU/USD,5m,45.42,neutral
2026-07-03 14:29:18 UTC,XAU/USD,1h,59.89,neutral
2026-07-03 14:29:18 UTC,EUR/USD,5m,55.69,neutral
2026-07-03 14:29:18 UTC,EUR/USD,1h,56.94,neutral
2026-07-03 14:29:18 UTC,GBP/USD,5m,51.47,neutral
2026-07-03 14:29:18 UTC,GBP/USD,1h,53.62,neutral
2026-07-03 14:29:18 UTC,USD/JPY,5m,53.21,neutral
2026-07-03 14:29:18 UTC,USD/JPY,1h,48.7,neutral
2026-07-03 14:30:51 UTC,BTC/USD,5m,46.92,neutral
2026-07-03 14:30:51 UTC,BTC/USD,1h,60.08,neutral
2026-07-03 14:30:51 UTC,ETH/USD,5m,39.65,neutral
2026-07-03 14:30:51 UTC,ETH/USD,1h,64.38,neutral
2026-07-03 14:30:52 UTC,XAU/USD,5m,46.37,neutral
2026-07-03 14:30:52 UTC,XAU/USD,1h,60.07,neutral
2026-07-03 14:30:52 UTC,EUR/USD,5m,57.8,neutral
2026-07-03 14:30:52 UTC,EUR/USD,1h,57.52,neutral
2026-07-03 14:30:53 UTC,GBP/USD,5m,54.15,neutral
2026-07-03 14:30:53 UTC,GBP/USD,1h,54.56,neutral
2026-07-03 14:30:53 UTC,USD/JPY,5m,50.84,neutral
2026-07-03 14:30:53 UTC,USD/JPY,1h,48.42,neutral
2026-07-03 14:31:17 UTC,BTC/USD,5m,46.01,neutral
2026-07-03 14:31:17 UTC,BTC/USD,1h,59.65,neutral
2026-07-03 14:31:17 UTC,ETH/USD,5m,39.65,neutral
2026-07-03 14:31:17 UTC,ETH/USD,1h,64.38,neutral
2026-07-03 14:31:18 UTC,XAU/USD,5m,44.91,neutral
2026-07-03 14:31:18 UTC,XAU/USD,1h,59.78,neutral
2026-07-03 14:31:19 UTC,EUR/USD,5m,55.81,neutral
2026-07-03 14:31:19 UTC,EUR/USD,1h,57.06,neutral
2026-07-03 14:31:19 UTC,GBP/USD,5m,52.77,neutral
2026-07-03 14:31:19 UTC,GBP/USD,1h,54.09,neutral
2026-07-03 14:31:19 UTC,USD/JPY,5m,53.78,neutral
2026-07-03 14:31:19 UTC,USD/JPY,1h,48.77,neutral
2026-07-03 14:32:21 UTC,BTC/USD,5m,48.13,neutral
2026-07-03 14:32:21 UTC,BTC/USD,1h,60.61,neutral
2026-07-03 14:32:21 UTC,ETH/USD,5m,41.39,neutral
2026-07-03 14:32:21 UTC,ETH/USD,1h,65.2,neutral
2026-07-03 14:32:22 UTC,XAU/USD,5m,44.76,neutral
2026-07-03 14:32:22 UTC,XAU/USD,1h,59.74,neutral
2026-07-03 14:32:22 UTC,EUR/USD,5m,52.66,neutral
2026-07-03 14:32:22 UTC,EUR/USD,1h,56.35,neutral
2026-07-03 14:32:22 UTC,GBP/USD,5m,50.31,neutral
2026-07-03 14:32:22 UTC,GBP/USD,1h,53.29,neutral
2026-07-03 14:32:23 UTC,USD/JPY,5m,55.33,neutral
2026-07-03 14:32:23 UTC,USD/JPY,1h,48.99,neutral
2026-07-03 14:33:22 UTC,BTC/USD,5m,47.92,neutral
2026-07-03 14:33:22 UTC,BTC/USD,1h,60.05,neutral
2026-07-03 14:33:22 UTC,ETH/USD,5m,40.78,neutral
2026-07-03 14:33:23 UTC,ETH/USD,1h,64.71,neutral
2026-07-03 14:33:23 UTC,XAU/USD,5m,43.72,neutral
2026-07-03 14:33:23 UTC,XAU/USD,1h,59.49,neutral
2026-07-03 14:33:23 UTC,EUR/USD,5m,52.66,neutral
2026-07-03 14:33:23 UTC,EUR/USD,1h,56.35,neutral
2026-07-03 14:33:23 UTC,GBP/USD,5m,50.0,neutral
2026-07-03 14:33:24 UTC,GBP/USD,1h,53.18,neutral
2026-07-03 14:33:24 UTC,USD/JPY,5m,55.33,neutral
2026-07-03 14:33:24 UTC,USD/JPY,1h,48.99,neutral
2026-07-03 14:34:20 UTC,BTC/USD,5m,45.61,neutral
2026-07-03 14:34:20 UTC,BTC/USD,1h,59.46,neutral
2026-07-03 14:34:21 UTC,ETH/USD,5m,39.95,neutral
2026-07-03 14:34:21 UTC,ETH/USD,1h,64.47,neutral
2026-07-03 14:34:21 UTC,XAU/USD,5m,42.41,neutral
2026-07-03 14:34:22 UTC,XAU/USD,1h,59.1,neutral
2026-07-03 14:34:22 UTC,EUR/USD,5m,54.72,neutral
2026-07-03 14:34:22 UTC,EUR/USD,1h,56.82,neutral
2026-07-03 14:34:22 UTC,GBP/USD,5m,51.76,neutral
2026-07-03 14:34:22 UTC,GBP/USD,1h,53.78,neutral
2026-07-03 14:34:22 UTC,USD/JPY,5m,55.33,neutral
2026-07-03 14:34:22 UTC,USD/JPY,1h,48.99,neutral
2026-07-03 14:35:23 UTC,BTC/USD,5m,43.4,neutral
2026-07-03 14:35:23 UTC,BTC/USD,1h,58.35,neutral
2026-07-03 14:35:23 UTC,ETH/USD,5m,35.93,neutral
2026-07-03 14:35:23 UTC,ETH/USD,1h,62.68,neutral
2026-07-03 14:35:24 UTC,XAU/USD,5m,43.31,neutral
2026-07-03 14:35:24 UTC,XAU/USD,1h,59.38,neutral
2026-07-03 14:35:24 UTC,EUR/USD,5m,56.94,neutral
2026-07-03 14:35:24 UTC,EUR/USD,1h,57.29,neutral
2026-07-03 14:35:24 UTC,GBP/USD,5m,54.58,neutral
2026-07-03 14:35:24 UTC,GBP/USD,1h,54.71,neutral
2026-07-03 14:35:24 UTC,USD/JPY,5m,54.59,neutral
2026-07-03 14:35:24 UTC,USD/JPY,1h,48.88,neutral
2026-07-03 14:36:21 UTC,BTC/USD,5m,44.08,neutral
2026-07-03 14:36:21 UTC,BTC/USD,1h,58.6,neutral
2026-07-03 14:36:21 UTC,ETH/USD,5m,35.93,neutral
2026-07-03 14:36:21 UTC,ETH/USD,1h,62.68,neutral
2026-07-03 14:36:22 UTC,XAU/USD,5m,43.52,neutral
2026-07-03 14:36:22 UTC,XAU/USD,1h,59.42,neutral
2026-07-03 14:36:23 UTC,EUR/USD,5m,54.84,neutral
2026-07-03 14:36:23 UTC,EUR/USD,1h,56.88,neutral
2026-07-03 14:36:23 UTC,GBP/USD,5m,51.11,neutral
2026-07-03 14:36:23 UTC,GBP/USD,1h,53.67,neutral
2026-07-03 14:36:23 UTC,USD/JPY,5m,54.87,neutral
2026-07-03 14:36:23 UTC,USD/JPY,1h,48.92,neutral
2026-07-03 14:37:19 UTC,BTC/USD,5m,45.12,neutral
2026-07-03 14:37:19 UTC,BTC/USD,1h,59.01,neutral
2026-07-03 14:37:19 UTC,ETH/USD,5m,37.92,neutral
2026-07-03 14:37:19 UTC,ETH/USD,1h,63.3,neutral
2026-07-03 14:37:19 UTC,XAU/USD,5m,45.46,neutral
2026-07-03 14:37:19 UTC,XAU/USD,1h,59.79,neutral
2026-07-03 14:37:20 UTC,EUR/USD,5m,53.43,neutral
2026-07-03 14:37:20 UTC,EUR/USD,1h,56.58,neutral
2026-07-03 14:37:20 UTC,GBP/USD,5m,51.11,neutral
2026-07-03 14:37:20 UTC,GBP/USD,1h,53.67,neutral
2026-07-03 14:37:20 UTC,USD/JPY,5m,55.41,neutral
2026-07-03 14:37:20 UTC,USD/JPY,1h,48.99,neutral
2026-07-03 14:38:19 UTC,BTC/USD,5m,47.88,neutral
2026-07-03 14:38:19 UTC,BTC/USD,1h,60.2,neutral
2026-07-03 14:38:19 UTC,ETH/USD,5m,38.98,neutral
2026-07-03 14:38:19 UTC,ETH/USD,1h,63.52,neutral
2026-07-03 14:38:20 UTC,XAU/USD,5m,43.9,neutral
2026-07-03 14:38:20 UTC,XAU/USD,1h,59.49,neutral
2026-07-03 14:38:20 UTC,EUR/USD,5m,50.58,neutral
2026-07-03 14:38:20 UTC,EUR/USD,1h,55.92,neutral
2026-07-03 14:38:20 UTC,GBP/USD,5m,49.53,neutral
2026-07-03 14:38:20 UTC,GBP/USD,1h,53.13,neutral
2026-07-03 14:38:21 UTC,USD/JPY,5m,58.88,neutral
2026-07-03 14:38:21 UTC,USD/JPY,1h,49.51,neutral
2026-07-03 14:39:18 UTC,BTC/USD,5m,45.34,neutral
2026-07-03 14:39:18 UTC,BTC/USD,1h,59.1,neutral
2026-07-03 14:39:18 UTC,ETH/USD,5m,37.3,neutral
2026-07-03 14:39:18 UTC,ETH/USD,1h,63.04,neutral
2026-07-03 14:39:19 UTC,XAU/USD,5m,44.49,neutral
2026-07-03 14:39:20 UTC,XAU/USD,1h,59.6,neutral
2026-07-03 14:39:20 UTC,EUR/USD,5m,48.46,neutral
2026-07-03 14:39:20 UTC,EUR/USD,1h,55.36,neutral
2026-07-03 14:39:20 UTC,GBP/USD,5m,49.53,neutral
2026-07-03 14:39:20 UTC,GBP/USD,1h,53.13,neutral
2026-07-03 14:39:20 UTC,USD/JPY,5m,58.65,neutral
2026-07-03 14:39:20 UTC,USD/JPY,1h,49.47,neutral
2026-07-03 14:40:44 UTC,BTC/USD,5m,45.66,neutral
2026-07-03 14:40:44 UTC,BTC/USD,1h,59.23,neutral
2026-07-03 14:40:44 UTC,ETH/USD,5m,37.92,neutral
2026-07-03 14:40:44 UTC,ETH/USD,1h,63.71,neutral
2026-07-03 14:40:45 UTC,XAU/USD,5m,44.07,neutral
2026-07-03 14:40:46 UTC,XAU/USD,1h,59.52,neutral
2026-07-03 14:40:46 UTC,EUR/USD,5m,48.88,neutral
2026-07-03 14:40:46 UTC,EUR/USD,1h,55.49,neutral
2026-07-03 14:40:46 UTC,GBP/USD,5m,51.09,neutral
2026-07-03 14:40:46 UTC,GBP/USD,1h,53.35,neutral
2026-07-03 14:40:46 UTC,USD/JPY,5m,57.94,neutral
2026-07-03 14:40:47 UTC,USD/JPY,1h,49.36,neutral
2026-07-03 14:41:16 UTC,BTC/USD,5m,51.6,neutral
2026-07-03 14:41:16 UTC,BTC/USD,1h,61.9,neutral
2026-07-03 14:41:16 UTC,ETH/USD,5m,46.04,neutral
2026-07-03 14:41:16 UTC,ETH/USD,1h,65.76,neutral
2026-07-03 14:41:17 UTC,XAU/USD,5m,44.58,neutral
2026-07-03 14:41:17 UTC,XAU/USD,1h,59.61,neutral
2026-07-03 14:41:17 UTC,EUR/USD,5m,50.39,neutral
2026-07-03 14:41:17 UTC,EUR/USD,1h,55.86,neutral
2026-07-03 14:41:17 UTC,GBP/USD,5m,51.09,neutral
2026-07-03 14:41:17 UTC,GBP/USD,1h,53.67,neutral
2026-07-03 14:41:18 UTC,USD/JPY,5m,55.89,neutral
2026-07-03 14:41:18 UTC,USD/JPY,1h,49.14,neutral
2026-07-03 14:42:20 UTC,BTC/USD,5m,53.54,neutral
2026-07-03 14:42:20 UTC,BTC/USD,1h,62.99,neutral
2026-07-03 14:42:20 UTC,ETH/USD,5m,46.65,neutral
2026-07-03 14:42:21 UTC,ETH/USD,1h,66.25,neutral
2026-07-03 14:42:21 UTC,XAU/USD,5m,47.33,neutral
2026-07-03 14:42:21 UTC,XAU/USD,1h,60.11,neutral
2026-07-03 14:42:21 UTC,EUR/USD,5m,52.07,neutral
2026-07-03 14:42:21 UTC,EUR/USD,1h,56.29,neutral
2026-07-03 14:42:22 UTC,GBP/USD,5m,52.09,neutral
2026-07-03 14:42:22 UTC,GBP/USD,1h,53.99,neutral
2026-07-03 14:42:22 UTC,USD/JPY,5m,56.56,neutral
2026-07-03 14:42:22 UTC,USD/JPY,1h,49.21,neutral
2026-07-03 14:43:16 UTC,BTC/USD,5m,54.07,neutral
2026-07-03 14:43:16 UTC,BTC/USD,1h,63.31,neutral
2026-07-03 14:43:16 UTC,ETH/USD,5m,47.79,neutral
2026-07-03 14:43:17 UTC,ETH/USD,1h,66.35,neutral
2026-07-03 14:43:17 UTC,XAU/USD,5m,44.86,neutral
2026-07-03 14:43:17 UTC,XAU/USD,1h,59.66,neutral
2026-07-03 14:43:18 UTC,EUR/USD,5m,49.63,neutral
2026-07-03 14:43:18 UTC,EUR/USD,1h,55.67,neutral
2026-07-03 14:43:18 UTC,GBP/USD,5m,49.9,neutral
2026-07-03 14:43:18 UTC,GBP/USD,1h,53.29,neutral
2026-07-03 14:43:18 UTC,USD/JPY,5m,59.43,neutral
2026-07-03 14:43:18 UTC,USD/JPY,1h,49.58,neutral
2026-07-03 14:44:18 UTC,BTC/USD,5m,52.98,neutral
2026-07-03 14:44:18 UTC,BTC/USD,1h,62.66,neutral
2026-07-03 14:44:18 UTC,ETH/USD,5m,46.62,neutral
2026-07-03 14:44:19 UTC,ETH/USD,1h,65.98,neutral
2026-07-03 14:44:19 UTC,XAU/USD,5m,45.5,neutral
2026-07-03 14:44:19 UTC,XAU/USD,1h,59.77,neutral
2026-07-03 14:44:20 UTC,EUR/USD,5m,50.88,neutral
2026-07-03 14:44:20 UTC,EUR/USD,1h,55.98,neutral
2026-07-03 14:44:20 UTC,GBP/USD,5m,49.73,neutral
2026-07-03 14:44:20 UTC,GBP/USD,1h,53.24,neutral
2026-07-03 14:44:20 UTC,USD/JPY,5m,55.57,neutral
2026-07-03 14:44:20 UTC,USD/JPY,1h,49.1,neutral
2026-07-03 14:45:29 UTC,BTC/USD,5m,54.17,neutral
2026-07-03 14:45:29 UTC,BTC/USD,1h,64.09,neutral
2026-07-03 14:45:29 UTC,ETH/USD,5m,47.68,neutral
2026-07-03 14:45:29 UTC,ETH/USD,1h,66.4,neutral
2026-07-03 14:45:30 UTC,XAU/USD,5m,41.9,neutral
2026-07-03 14:45:31 UTC,XAU/USD,1h,58.91,neutral
2026-07-03 14:45:31 UTC,EUR/USD,5m,48.35,neutral
2026-07-03 14:45:31 UTC,EUR/USD,1h,55.36,neutral
2026-07-03 14:45:31 UTC,GBP/USD,5m,47.19,neutral
2026-07-03 14:45:31 UTC,GBP/USD,1h,52.35,neutral
2026-07-03 14:45:31 UTC,USD/JPY,5m,58.72,neutral
2026-07-03 14:45:31 UTC,USD/JPY,1h,49.47,neutral
2026-07-03 14:46:18 UTC,BTC/USD,5m,55.36,neutral
2026-07-03 14:46:18 UTC,BTC/USD,1h,64.13,neutral
2026-07-03 14:46:18 UTC,ETH/USD,5m,46.94,neutral
2026-07-03 14:46:18 UTC,ETH/USD,1h,67.0,neutral
2026-07-03 14:46:19 UTC,XAU/USD,5m,42.7,neutral
2026-07-03 14:46:19 UTC,XAU/USD,1h,59.1,neutral
2026-07-03 14:46:19 UTC,EUR/USD,5m,51.01,neutral
2026-07-03 14:46:19 UTC,EUR/USD,1h,55.98,neutral
2026-07-03 14:46:19 UTC,GBP/USD,5m,49.25,neutral
2026-07-03 14:46:19 UTC,GBP/USD,1h,53.02,neutral
2026-07-03 14:46:19 UTC,USD/JPY,5m,56.61,neutral
2026-07-03 14:46:20 UTC,USD/JPY,1h,49.25,neutral
2026-07-03 14:47:18 UTC,BTC/USD,5m,55.43,neutral
2026-07-03 14:47:18 UTC,BTC/USD,1h,64.17,neutral
2026-07-03 14:47:18 UTC,ETH/USD,5m,46.91,neutral
2026-07-03 14:47:18 UTC,ETH/USD,1h,66.07,neutral
2026-07-03 14:47:19 UTC,XAU/USD,5m,43.55,neutral
2026-07-03 14:47:19 UTC,XAU/USD,1h,59.3,neutral
2026-07-03 14:47:19 UTC,EUR/USD,5m,49.43,neutral
2026-07-03 14:47:19 UTC,EUR/USD,1h,55.61,neutral
2026-07-03 14:47:19 UTC,GBP/USD,5m,49.59,neutral
2026-07-03 14:47:19 UTC,GBP/USD,1h,53.13,neutral
2026-07-03 14:47:19 UTC,USD/JPY,5m,57.33,neutral
2026-07-03 14:47:19 UTC,USD/JPY,1h,49.32,neutral
2026-07-03 14:48:21 UTC,BTC/USD,5m,56.02,neutral
2026-07-03 14:48:21 UTC,BTC/USD,1h,64.55,neutral
2026-07-03 14:48:21 UTC,ETH/USD,5m,46.2,neutral
2026-07-03 14:48:21 UTC,ETH/USD,1h,66.15,neutral
2026-07-03 14:48:22 UTC,XAU/USD,5m,49.83,neutral
2026-07-03 14:48:22 UTC,XAU/USD,1h,60.48,neutral
2026-07-03 14:48:22 UTC,EUR/USD,5m,51.01,neutral
2026-07-03 14:48:22 UTC,EUR/USD,1h,55.98,neutral
2026-07-03 14:48:22 UTC,GBP/USD,5m,51.2,neutral
2026-07-03 14:48:23 UTC,GBP/USD,1h,53.67,neutral
2026-07-03 14:48:23 UTC,USD/JPY,5m,54.22,neutral
2026-07-03 14:48:23 UTC,USD/JPY,1h,48.99,neutral
2026-07-03 14:49:17 UTC,BTC/USD,5m,56.01,neutral
2026-07-03 14:49:17 UTC,BTC/USD,1h,64.54,neutral
2026-07-03 14:49:17 UTC,ETH/USD,5m,46.59,neutral
2026-07-03 14:49:17 UTC,ETH/USD,1h,65.94,neutral
2026-07-03 14:49:18 UTC,XAU/USD,5m,48.2,neutral
2026-07-03 14:49:18 UTC,XAU/USD,1h,60.16,neutral
2026-07-03 14:49:19 UTC,EUR/USD,5m,51.01,neutral
2026-07-03 14:49:19 UTC,EUR/USD,1h,55.98,neutral
2026-07-03 14:49:19 UTC,GBP/USD,5m,50.88,neutral
2026-07-03 14:49:19 UTC,GBP/USD,1h,53.56,neutral
2026-07-03 14:49:19 UTC,USD/JPY,5m,54.22,neutral
2026-07-03 14:49:19 UTC,USD/JPY,1h,48.99,neutral
2026-07-03 14:50:44 UTC,BTC/USD,5m,56.7,neutral
2026-07-03 14:50:44 UTC,BTC/USD,1h,65.0,neutral
2026-07-03 14:50:44 UTC,ETH/USD,5m,46.22,neutral
2026-07-03 14:50:44 UTC,ETH/USD,1h,65.78,neutral
2026-07-03 14:50:45 UTC,XAU/USD,5m,49.62,neutral
2026-07-03 14:50:45 UTC,XAU/USD,1h,60.42,neutral
2026-07-03 14:50:45 UTC,EUR/USD,5m,48.91,neutral
2026-07-03 14:50:45 UTC,EUR/USD,1h,55.49,neutral
2026-07-03 14:50:46 UTC,GBP/USD,5m,50.88,neutral
2026-07-03 14:50:46 UTC,GBP/USD,1h,53.56,neutral
2026-07-03 14:50:46 UTC,USD/JPY,5m,54.52,neutral
2026-07-03 14:50:46 UTC,USD/JPY,1h,49.03,neutral
2026-07-03 14:51:18 UTC,BTC/USD,5m,56.95,neutral
2026-07-03 14:51:18 UTC,BTC/USD,1h,65.15,neutral
2026-07-03 14:51:18 UTC,ETH/USD,5m,46.12,neutral
2026-07-03 14:51:18 UTC,ETH/USD,1h,65.74,neutral
2026-07-03 14:51:18 UTC,XAU/USD,5m,51.31,neutral
2026-07-03 14:51:18 UTC,XAU/USD,1h,60.75,neutral
2026-07-03 14:51:19 UTC,EUR/USD,5m,48.61,neutral
2026-07-03 14:51:19 UTC,EUR/USD,1h,55.42,neutral
2026-07-03 14:51:19 UTC,GBP/USD,5m,51.88,neutral
2026-07-03 14:51:19 UTC,GBP/USD,1h,53.88,neutral
2026-07-03 14:51:19 UTC,USD/JPY,5m,56.04,neutral
2026-07-03 14:51:19 UTC,USD/JPY,1h,49.21,neutral
2026-07-03 14:53:18 UTC,BTC/USD,5m,58.96,neutral
2026-07-03 14:53:18 UTC,BTC/USD,1h,66.26,neutral
2026-07-03 14:53:18 UTC,ETH/USD,5m,46.15,neutral
2026-07-03 14:53:18 UTC,ETH/USD,1h,65.75,neutral
2026-07-03 14:53:18 UTC,XAU/USD,5m,49.3,neutral
2026-07-03 14:53:18 UTC,XAU/USD,1h,60.35,neutral
2026-07-03 14:53:19 UTC,EUR/USD,5m,46.44,neutral
2026-07-03 14:53:19 UTC,EUR/USD,1h,54.92,neutral
2026-07-03 14:53:19 UTC,GBP/USD,5m,52.21,neutral
2026-07-03 14:53:19 UTC,GBP/USD,1h,53.99,neutral
2026-07-03 14:53:19 UTC,USD/JPY,5m,57.14,neutral
2026-07-03 14:53:19 UTC,USD/JPY,1h,49.36,neutral
2026-07-03 14:54:21 UTC,BTC/USD,5m,60.09,neutral
2026-07-03 14:54:21 UTC,BTC/USD,1h,66.68,neutral
2026-07-03 14:54:21 UTC,ETH/USD,5m,48.92,neutral
2026-07-03 14:54:21 UTC,ETH/USD,1h,66.77,neutral
2026-07-03 14:54:22 UTC,XAU/USD,5m,48.29,neutral
2026-07-03 14:54:22 UTC,XAU/USD,1h,60.17,neutral
2026-07-03 14:54:22 UTC,EUR/USD,5m,45.43,neutral
2026-07-03 14:54:22 UTC,EUR/USD,1h,54.66,neutral
2026-07-03 14:54:22 UTC,GBP/USD,5m,54.94,neutral
2026-07-03 14:54:22 UTC,GBP/USD,1h,54.92,neutral
2026-07-03 14:54:22 UTC,USD/JPY,5m,57.67,neutral
2026-07-03 14:54:22 UTC,USD/JPY,1h,49.43,neutral
2026-07-03 14:55:27 UTC,BTC/USD,5m,64.41,neutral
2026-07-03 14:55:27 UTC,BTC/USD,1h,68.41,neutral
2026-07-03 14:55:27 UTC,ETH/USD,5m,52.97,neutral
2026-07-03 14:55:27 UTC,ETH/USD,1h,68.55,neutral
2026-07-03 14:55:28 UTC,XAU/USD,5m,51.34,neutral
2026-07-03 14:55:29 UTC,XAU/USD,1h,60.75,neutral
2026-07-03 14:55:29 UTC,EUR/USD,5m,47.23,neutral
2026-07-03 14:55:29 UTC,EUR/USD,1h,55.11,neutral
2026-07-03 14:55:29 UTC,GBP/USD,5m,57.37,neutral
2026-07-03 14:55:29 UTC,GBP/USD,1h,55.81,neutral
2026-07-03 14:55:30 UTC,USD/JPY,5m,57.42,neutral
2026-07-03 14:55:30 UTC,USD/JPY,1h,49.39,neutral
2026-07-03 14:56:19 UTC,BTC/USD,5m,61.98,neutral
2026-07-03 14:56:19 UTC,BTC/USD,1h,67.84,neutral
2026-07-03 14:56:19 UTC,ETH/USD,5m,50.42,neutral
2026-07-03 14:56:19 UTC,ETH/USD,1h,67.33,neutral
2026-07-03 14:56:20 UTC,XAU/USD,5m,50.6,neutral
2026-07-03 14:56:20 UTC,XAU/USD,1h,60.62,neutral
2026-07-03 14:56:20 UTC,EUR/USD,5m,46.95,neutral
2026-07-03 14:56:20 UTC,EUR/USD,1h,55.05,neutral
2026-07-03 14:56:20 UTC,GBP/USD,5m,55.57,neutral
2026-07-03 14:56:20 UTC,GBP/USD,1h,55.32,neutral
2026-07-03 14:56:20 UTC,USD/JPY,5m,59.33,neutral
2026-07-03 14:56:21 UTC,USD/JPY,1h,49.65,neutral
2026-07-03 14:57:16 UTC,BTC/USD,5m,60.77,neutral
2026-07-03 14:57:16 UTC,BTC/USD,1h,67.54,neutral
2026-07-03 14:57:16 UTC,ETH/USD,5m,50.42,neutral
2026-07-03 14:57:16 UTC,ETH/USD,1h,67.49,neutral
2026-07-03 14:57:17 UTC,XAU/USD,5m,49.41,neutral
2026-07-03 14:57:17 UTC,XAU/USD,1h,60.39,neutral
2026-07-03 14:57:17 UTC,EUR/USD,5m,44.51,neutral
2026-07-03 14:57:17 UTC,EUR/USD,1h,54.46,neutral
2026-07-03 14:57:18 UTC,GBP/USD,5m,53.24,neutral
2026-07-03 14:57:18 UTC,GBP/USD,1h,54.61,neutral
2026-07-03 14:57:18 UTC,USD/JPY,5m,60.34,neutral
2026-07-03 14:57:18 UTC,USD/JPY,1h,49.8,neutral
2026-07-03 14:58:19 UTC,BTC/USD,5m,60.44,neutral
2026-07-03 14:58:19 UTC,BTC/USD,1h,67.46,neutral
2026-07-03 14:58:19 UTC,ETH/USD,5m,50.0,neutral
2026-07-03 14:58:19 UTC,ETH/USD,1h,67.3,neutral
2026-07-03 14:58:20 UTC,XAU/USD,5m,52.2,neutral
2026-07-03 14:58:20 UTC,XAU/USD,1h,60.91,neutral
2026-07-03 14:58:20 UTC,EUR/USD,5m,44.51,neutral
2026-07-03 14:58:20 UTC,EUR/USD,1h,54.46,neutral
2026-07-03 14:58:20 UTC,GBP/USD,5m,57.0,neutral
2026-07-03 14:58:21 UTC,GBP/USD,1h,55.71,neutral
2026-07-03 14:58:21 UTC,USD/JPY,5m,65.68,neutral
2026-07-03 14:58:21 UTC,USD/JPY,1h,50.74,neutral
2026-07-03 14:59:16 UTC,BTC/USD,5m,59.98,neutral
2026-07-03 14:59:16 UTC,BTC/USD,1h,67.33,neutral
2026-07-03 14:59:16 UTC,ETH/USD,5m,50.12,neutral
2026-07-03 14:59:16 UTC,ETH/USD,1h,67.36,neutral
2026-07-03 14:59:17 UTC,XAU/USD,5m,53.12,neutral
2026-07-03 14:59:17 UTC,XAU/USD,1h,61.09,neutral
2026-07-03 14:59:17 UTC,EUR/USD,5m,46.11,neutral
2026-07-03 14:59:17 UTC,EUR/USD,1h,54.85,neutral
2026-07-03 14:59:17 UTC,GBP/USD,5m,55.06,neutral
2026-07-03 14:59:17 UTC,GBP/USD,1h,55.17,neutral
2026-07-03 14:59:17 UTC,USD/JPY,5m,64.73,neutral
2026-07-03 14:59:18 UTC,USD/JPY,1h,50.55,neutral
2026-07-03 15:00:56 UTC,BTC/USD,5m,58.56,neutral
2026-07-03 15:00:56 UTC,BTC/USD,1h,66.96,neutral
2026-07-03 15:00:56 UTC,ETH/USD,5m,48.65,neutral
2026-07-03 15:00:56 UTC,ETH/USD,1h,66.6,neutral
2026-07-03 15:00:57 UTC,XAU/USD,5m,53.93,neutral
2026-07-03 15:00:57 UTC,XAU/USD,1h,61.25,neutral
2026-07-03 15:00:58 UTC,EUR/USD,5m,46.37,neutral
2026-07-03 15:00:58 UTC,EUR/USD,1h,54.78,neutral
2026-07-03 15:00:58 UTC,GBP/USD,5m,55.6,neutral
2026-07-03 15:00:58 UTC,GBP/USD,1h,55.39,neutral
2026-07-03 15:00:58 UTC,USD/JPY,5m,65.43,neutral
2026-07-03 15:00:58 UTC,USD/JPY,1h,50.99,neutral
2026-07-03 15:01:17 UTC,BTC/USD,5m,58.56,neutral
2026-07-03 15:01:17 UTC,BTC/USD,1h,67.32,neutral
2026-07-03 15:01:17 UTC,ETH/USD,5m,48.8,neutral
2026-07-03 15:01:17 UTC,ETH/USD,1h,66.63,neutral
2026-07-03 15:01:18 UTC,XAU/USD,5m,54.06,neutral
2026-07-03 15:01:18 UTC,XAU/USD,1h,61.28,neutral
2026-07-03 15:01:18 UTC,EUR/USD,5m,48.09,neutral
2026-07-03 15:01:18 UTC,EUR/USD,1h,55.2,neutral
2026-07-03 15:01:18 UTC,GBP/USD,5m,55.31,neutral
2026-07-03 15:01:19 UTC,GBP/USD,1h,55.28,neutral
2026-07-03 15:01:19 UTC,USD/JPY,5m,66.1,neutral
2026-07-03 15:01:19 UTC,USD/JPY,1h,51.07,neutral
2026-07-03 15:02:20 UTC,BTC/USD,5m,59.85,neutral
2026-07-03 15:02:21 UTC,BTC/USD,1h,67.5,neutral
2026-07-03 15:02:21 UTC,ETH/USD,5m,51.88,neutral
2026-07-03 15:02:21 UTC,ETH/USD,1h,67.33,neutral
2026-07-03 15:02:21 UTC,XAU/USD,5m,51.9,neutral
2026-07-03 15:02:22 UTC,XAU/USD,1h,60.71,neutral
2026-07-03 15:02:22 UTC,EUR/USD,5m,48.09,neutral
2026-07-03 15:02:22 UTC,EUR/USD,1h,55.2,neutral
2026-07-03 15:02:22 UTC,GBP/USD,5m,53.82,neutral
2026-07-03 15:02:22 UTC,GBP/USD,1h,54.74,neutral
2026-07-03 15:02:22 UTC,USD/JPY,5m,63.19,neutral
2026-07-03 15:02:22 UTC,USD/JPY,1h,50.71,neutral
2026-07-03 15:03:16 UTC,BTC/USD,5m,59.79,neutral
2026-07-03 15:03:16 UTC,BTC/USD,1h,67.48,neutral
2026-07-03 15:03:16 UTC,ETH/USD,5m,51.57,neutral
2026-07-03 15:03:16 UTC,ETH/USD,1h,67.26,neutral
2026-07-03 15:03:17 UTC,XAU/USD,5m,54.41,neutral
2026-07-03 15:03:17 UTC,XAU/USD,1h,61.35,neutral
2026-07-03 15:03:17 UTC,EUR/USD,5m,47.53,neutral
2026-07-03 15:03:17 UTC,EUR/USD,1h,55.06,neutral
2026-07-03 15:03:18 UTC,GBP/USD,5m,55.16,neutral
2026-07-03 15:03:18 UTC,GBP/USD,1h,55.23,neutral
2026-07-03 15:03:18 UTC,USD/JPY,5m,68.89,neutral
2026-07-03 15:03:18 UTC,USD/JPY,1h,51.43,neutral
2026-07-03 15:04:21 UTC,BTC/USD,5m,59.17,neutral
2026-07-03 15:04:21 UTC,BTC/USD,1h,67.21,neutral
2026-07-03 15:04:21 UTC,ETH/USD,5m,49.47,neutral
2026-07-03 15:04:21 UTC,ETH/USD,1h,66.64,neutral
2026-07-03 15:04:22 UTC,XAU/USD,5m,57.77,neutral
2026-07-03 15:04:22 UTC,XAU/USD,1h,62.08,neutral
2026-07-03 15:04:22 UTC,EUR/USD,5m,45.16,neutral
2026-07-03 15:04:23 UTC,EUR/USD,1h,54.5,neutral
2026-07-03 15:04:23 UTC,GBP/USD,5m,53.13,neutral
2026-07-03 15:04:23 UTC,GBP/USD,1h,54.48,neutral
2026-07-03 15:04:23 UTC,USD/JPY,5m,71.72,overbought
2026-07-03 15:04:23 UTC,USD/JPY,1h,52.15,neutral
2026-07-03 15:05:23 UTC,BTC/USD,5m,59.0,neutral
2026-07-03 15:05:23 UTC,BTC/USD,1h,67.14,neutral
2026-07-03 15:05:23 UTC,ETH/USD,5m,47.49,neutral
2026-07-03 15:05:23 UTC,ETH/USD,1h,66.17,neutral
2026-07-03 15:05:24 UTC,XAU/USD,5m,56.9,neutral
2026-07-03 15:05:24 UTC,XAU/USD,1h,61.88,neutral
2026-07-03 15:05:24 UTC,EUR/USD,5m,42.89,neutral
2026-07-03 15:05:25 UTC,EUR/USD,1h,54.01,neutral
2026-07-03 15:05:25 UTC,GBP/USD,5m,51.79,neutral
2026-07-03 15:05:25 UTC,GBP/USD,1h,53.96,neutral
2026-07-03 15:05:25 UTC,USD/JPY,5m,74.61,overbought
2026-07-03 15:05:25 UTC,USD/JPY,1h,53.1,neutral
2026-07-03 15:06:19 UTC,BTC/USD,5m,59.64,neutral
2026-07-03 15:06:20 UTC,BTC/USD,1h,67.39,neutral
2026-07-03 15:06:20 UTC,ETH/USD,5m,47.74,neutral
2026-07-03 15:06:20 UTC,ETH/USD,1h,66.37,neutral
2026-07-03 15:06:20 UTC,XAU/USD,5m,56.09,neutral
2026-07-03 15:06:20 UTC,XAU/USD,1h,61.75,neutral
2026-07-03 15:06:21 UTC,EUR/USD,5m,41.07,neutral
2026-07-03 15:06:21 UTC,EUR/USD,1h,53.43,neutral
2026-07-03 15:06:21 UTC,GBP/USD,5m,48.51,neutral
2026-07-03 15:06:21 UTC,GBP/USD,1h,52.72,neutral
2026-07-03 15:06:21 UTC,USD/JPY,5m,74.95,overbought
2026-07-03 15:06:21 UTC,USD/JPY,1h,53.14,neutral
2026-07-03 15:07:19 UTC,BTC/USD,5m,64.5,neutral
2026-07-03 15:07:20 UTC,BTC/USD,1h,69.43,neutral
2026-07-03 15:07:20 UTC,ETH/USD,5m,56.22,neutral
2026-07-03 15:07:20 UTC,ETH/USD,1h,68.33,neutral
2026-07-03 15:07:21 UTC,XAU/USD,5m,56.75,neutral
2026-07-03 15:07:21 UTC,XAU/USD,1h,61.86,neutral
2026-07-03 15:07:21 UTC,EUR/USD,5m,43.25,neutral
2026-07-03 15:07:21 UTC,EUR/USD,1h,54.08,neutral
2026-07-03 15:07:21 UTC,GBP/USD,5m,50.1,neutral
2026-07-03 15:07:21 UTC,GBP/USD,1h,53.33,neutral
2026-07-03 15:07:21 UTC,USD/JPY,5m,67.84,neutral
2026-07-03 15:07:22 UTC,USD/JPY,1h,52.3,neutral
2026-07-03 15:08:18 UTC,BTC/USD,5m,65.78,neutral
2026-07-03 15:08:18 UTC,BTC/USD,1h,70.01,overbought
2026-07-03 15:08:19 UTC,ETH/USD,5m,57.93,neutral
2026-07-03 15:08:19 UTC,ETH/USD,1h,68.78,neutral
2026-07-03 15:08:19 UTC,XAU/USD,5m,58.06,neutral
2026-07-03 15:08:19 UTC,XAU/USD,1h,62.13,neutral
2026-07-03 15:08:20 UTC,EUR/USD,5m,46.93,neutral
2026-07-03 15:08:20 UTC,EUR/USD,1h,54.85,neutral
2026-07-03 15:08:20 UTC,GBP/USD,5m,53.06,neutral
2026-07-03 15:08:20 UTC,GBP/USD,1h,54.48,neutral
2026-07-03 15:08:20 UTC,USD/JPY,5m,68.12,neutral
2026-07-03 15:08:20 UTC,USD/JPY,1h,52.34,neutral
2026-07-03 15:09:20 UTC,BTC/USD,5m,64.63,neutral
2026-07-03 15:09:20 UTC,BTC/USD,1h,69.49,neutral
2026-07-03 15:09:21 UTC,ETH/USD,5m,57.11,neutral
2026-07-03 15:09:21 UTC,ETH/USD,1h,68.23,neutral
2026-07-03 15:09:21 UTC,XAU/USD,5m,57.78,neutral
2026-07-03 15:09:21 UTC,XAU/USD,1h,62.07,neutral
2026-07-03 15:09:22 UTC,EUR/USD,5m,47.24,neutral
2026-07-03 15:09:22 UTC,EUR/USD,1h,54.92,neutral
2026-07-03 15:09:22 UTC,GBP/USD,5m,52.12,neutral
2026-07-03 15:09:22 UTC,GBP/USD,1h,54.09,neutral
2026-07-03 15:09:22 UTC,USD/JPY,5m,66.46,neutral
2026-07-03 15:09:22 UTC,USD/JPY,1h,52.11,neutral
2026-07-03 15:10:45 UTC,BTC/USD,5m,64.99,neutral
2026-07-03 15:10:45 UTC,BTC/USD,1h,69.65,neutral
2026-07-03 15:10:45 UTC,ETH/USD,5m,57.91,neutral
2026-07-03 15:10:45 UTC,ETH/USD,1h,68.78,neutral
2026-07-03 15:10:46 UTC,XAU/USD,5m,58.32,neutral
2026-07-03 15:10:46 UTC,XAU/USD,1h,62.23,neutral
2026-07-03 15:10:46 UTC,EUR/USD,5m,49.08,neutral
2026-07-03 15:10:47 UTC,EUR/USD,1h,55.33,neutral
2026-07-03 15:10:47 UTC,GBP/USD,5m,52.66,neutral
2026-07-03 15:10:47 UTC,GBP/USD,1h,54.28,neutral
2026-07-03 15:10:47 UTC,USD/JPY,5m,60.11,neutral
2026-07-03 15:10:47 UTC,USD/JPY,1h,51.15,neutral
2026-07-03 15:11:21 UTC,BTC/USD,5m,63.76,neutral
2026-07-03 15:11:21 UTC,BTC/USD,1h,69.36,neutral
2026-07-03 15:11:21 UTC,ETH/USD,5m,57.93,neutral
2026-07-03 15:11:22 UTC,ETH/USD,1h,68.78,neutral
2026-07-03 15:11:22 UTC,XAU/USD,5m,60.59,neutral
2026-07-03 15:11:22 UTC,XAU/USD,1h,62.74,neutral
2026-07-03 15:11:23 UTC,EUR/USD,5m,50.58,neutral
2026-07-03 15:11:23 UTC,EUR/USD,1h,55.67,neutral
2026-07-03 15:11:23 UTC,GBP/USD,5m,53.81,neutral
2026-07-03 15:11:23 UTC,GBP/USD,1h,54.74,neutral
2026-07-03 15:11:23 UTC,USD/JPY,5m,60.83,neutral
2026-07-03 15:11:23 UTC,USD/JPY,1h,51.27,neutral
2026-07-03 15:12:17 UTC,BTC/USD,5m,65.34,neutral
2026-07-03 15:12:17 UTC,BTC/USD,1h,69.3,neutral
2026-07-03 15:12:18 UTC,ETH/USD,5m,58.65,neutral
2026-07-03 15:12:18 UTC,ETH/USD,1h,68.96,neutral
2026-07-03 15:12:18 UTC,XAU/USD,5m,60.1,neutral
2026-07-03 15:12:18 UTC,XAU/USD,1h,62.63,neutral
2026-07-03 15:12:19 UTC,EUR/USD,5m,51.45,neutral
2026-07-03 15:12:19 UTC,EUR/USD,1h,55.87,neutral
2026-07-03 15:12:19 UTC,GBP/USD,5m,53.81,neutral
2026-07-03 15:12:19 UTC,GBP/USD,1h,54.74,neutral
2026-07-03 15:12:19 UTC,USD/JPY,5m,60.34,neutral
2026-07-03 15:12:19 UTC,USD/JPY,1h,51.19,neutral
2026-07-03 15:13:20 UTC,BTC/USD,5m,61.61,neutral
2026-07-03 15:13:20 UTC,BTC/USD,1h,68.82,neutral
2026-07-03 15:13:20 UTC,ETH/USD,5m,56.05,neutral
2026-07-03 15:13:20 UTC,ETH/USD,1h,68.42,neutral
2026-07-03 15:13:20 UTC,XAU/USD,5m,59.34,neutral
2026-07-03 15:13:21 UTC,XAU/USD,1h,62.45,neutral
2026-07-03 15:13:21 UTC,EUR/USD,5m,44.6,neutral
2026-07-03 15:13:21 UTC,EUR/USD,1h,54.22,neutral
2026-07-03 15:13:21 UTC,GBP/USD,5m,49.97,neutral
2026-07-03 15:13:21 UTC,GBP/USD,1h,53.33,neutral
2026-07-03 15:13:21 UTC,USD/JPY,5m,63.35,neutral
2026-07-03 15:13:21 UTC,USD/JPY,1h,51.66,neutral
2026-07-03 15:14:20 UTC,BTC/USD,5m,58.26,neutral
2026-07-03 15:14:20 UTC,BTC/USD,1h,67.88,neutral
2026-07-03 15:14:20 UTC,ETH/USD,5m,53.59,neutral
2026-07-03 15:14:20 UTC,ETH/USD,1h,67.9,neutral
2026-07-03 15:14:21 UTC,XAU/USD,5m,57.46,neutral
2026-07-03 15:14:21 UTC,XAU/USD,1h,62.05,neutral
2026-07-03 15:14:21 UTC,EUR/USD,5m,44.6,neutral
2026-07-03 15:14:21 UTC,EUR/USD,1h,54.22,neutral
2026-07-03 15:14:22 UTC,GBP/USD,5m,48.77,neutral
2026-07-03 15:14:22 UTC,GBP/USD,1h,52.9,neutral
2026-07-03 15:14:22 UTC,USD/JPY,5m,61.81,neutral
2026-07-03 15:14:22 UTC,USD/JPY,1h,51.43,neutral
2026-07-03 15:15:27 UTC,BTC/USD,5m,56.67,neutral
2026-07-03 15:15:28 UTC,BTC/USD,1h,67.32,neutral
2026-07-03 15:15:28 UTC,ETH/USD,5m,52.91,neutral
2026-07-03 15:15:28 UTC,ETH/USD,1h,67.74,neutral
2026-07-03 15:15:28 UTC,XAU/USD,5m,57.51,neutral
2026-07-03 15:15:28 UTC,XAU/USD,1h,62.06,neutral
2026-07-03 15:15:29 UTC,EUR/USD,5m,44.1,neutral
2026-07-03 15:15:29 UTC,EUR/USD,1h,54.08,neutral
2026-07-03 15:15:29 UTC,GBP/USD,5m,49.23,neutral
2026-07-03 15:15:29 UTC,GBP/USD,1h,53.09,neutral
2026-07-03 15:15:29 UTC,USD/JPY,5m,62.14,neutral
2026-07-03 15:15:29 UTC,USD/JPY,1h,51.51,neutral
2026-07-03 15:16:20 UTC,BTC/USD,5m,57.25,neutral
2026-07-03 15:16:20 UTC,BTC/USD,1h,67.57,neutral
2026-07-03 15:16:20 UTC,ETH/USD,5m,50.98,neutral
2026-07-03 15:16:20 UTC,ETH/USD,1h,67.3,neutral
2026-07-03 15:16:21 UTC,XAU/USD,5m,59.33,neutral
2026-07-03 15:16:21 UTC,XAU/USD,1h,62.42,neutral
2026-07-03 15:16:21 UTC,EUR/USD,5m,46.06,neutral
2026-07-03 15:16:22 UTC,EUR/USD,1h,54.5,neutral
2026-07-03 15:16:22 UTC,GBP/USD,5m,51.44,neutral
2026-07-03 15:16:22 UTC,GBP/USD,1h,53.84,neutral
2026-07-03 15:16:22 UTC,USD/JPY,5m,59.73,neutral
2026-07-03 15:16:22 UTC,USD/JPY,1h,51.11,neutral
2026-07-03 15:17:16 UTC,BTC/USD,5m,52.7,neutral
2026-07-03 15:17:16 UTC,BTC/USD,1h,64.33,neutral
2026-07-03 15:17:16 UTC,ETH/USD,5m,51.38,neutral
2026-07-03 15:17:16 UTC,ETH/USD,1h,67.39,neutral
2026-07-03 15:17:17 UTC,XAU/USD,5m,59.76,neutral
2026-07-03 15:17:17 UTC,XAU/USD,1h,62.51,neutral
2026-07-03 15:17:17 UTC,EUR/USD,5m,46.06,neutral
2026-07-03 15:17:17 UTC,EUR/USD,1h,54.5,neutral
2026-07-03 15:17:17 UTC,GBP/USD,5m,51.8,neutral
2026-07-03 15:17:17 UTC,GBP/USD,1h,53.96,neutral
2026-07-03 15:17:17 UTC,USD/JPY,5m,60.23,neutral
2026-07-03 15:17:17 UTC,USD/JPY,1h,51.19,neutral
2026-07-03 15:18:18 UTC,BTC/USD,5m,53.21,neutral
2026-07-03 15:18:18 UTC,BTC/USD,1h,65.38,neutral
2026-07-03 15:18:18 UTC,ETH/USD,5m,53.28,neutral
2026-07-03 15:18:18 UTC,ETH/USD,1h,67.58,neutral
2026-07-03 15:18:19 UTC,XAU/USD,5m,58.54,neutral
2026-07-03 15:18:19 UTC,XAU/USD,1h,62.26,neutral
2026-07-03 15:18:19 UTC,EUR/USD,5m,48.75,neutral
2026-07-03 15:18:19 UTC,EUR/USD,1h,55.13,neutral
2026-07-03 15:18:19 UTC,GBP/USD,5m,53.17,neutral
2026-07-03 15:18:20 UTC,GBP/USD,1h,54.48,neutral
2026-07-03 15:18:20 UTC,USD/JPY,5m,57.54,neutral
2026-07-03 15:18:20 UTC,USD/JPY,1h,50.75,neutral
